id,split,hover_s,distance_m,target_speed_m_s,flight_duration_s,measured_distance_m,takeoff_energy_j,hover_energy_j,translation_energy_j,return_energy_j,landing_energy_j,mechanical_energy_j,predicted_mechanical_energy_j,absolute_error_j,absolute_percentage_error_pct,legacy_proxy_delta_j,all_energy_rows_valid
cal_h10_t2_r1,calibration,2.0,0.0,0.0,7.95,2.174029,4437.819173,2489.111901,0.0,0.0,2587.834152,9514.765226,9578.032563610788,63.26733761078867,0.6649385046086546,14.7355,True
cal_h10_t2_r2,calibration,2.0,0.0,0.0,7.95,2.17405,4438.335537,2489.114634,0.0,0.0,2586.747112,9514.197282,9578.037414225919,63.84013222591966,0.6709986174734827,14.7355,True
cal_h10_t5_r1,calibration,5.0,0.0,0.0,10.95,2.196486,4438.208532,6189.91075,0.0,0.0,2584.086672,13212.205954,13257.223470710922,45.01751671092279,0.3407267254814002,17.792399999999997,True
cal_h10_t5_r2,calibration,5.0,0.0,0.0,10.95,2.196442,4437.854119,6189.909245,0.0,0.0,2584.068342,13211.831706,13257.213307517317,45.381601517316085,0.3434921252948337,17.79160000000001,True
cal_h15_t2_r1,calibration,2.0,0.0,0.0,8.3,3.346906,4815.002084,2492.233189,0.0,0.0,2619.339902,9926.575174,9848.945655112493,77.62951888750649,0.782037284025574,19.109599999999986,True
cal_h15_t2_r2,calibration,2.0,0.0,0.0,8.25,3.346182,4817.602579,2491.954264,0.0,0.0,2576.865893,9886.422737,9848.778424381355,37.64431261864593,0.3807677824433083,19.105800000000002,True
cal_h15_t5_r1,calibration,5.0,0.0,0.0,11.25,3.366861,4817.265445,6191.703704,0.0,0.0,2560.933475,13569.902625,13527.55864606717,42.343978932831305,0.312043351400477,22.109700000000004,True
cal_h15_t5_r2,calibration,5.0,0.0,0.0,11.25,3.366217,4817.412963,6191.712092,0.0,0.0,2560.423158,13569.548214,13527.409893869857,42.138320130143256,0.3105359107436475,22.108100000000007,True
cal_d06_v025_h10_r1,calibration,3.0,0.6,0.25,16.45,3.488172,4437.905247,3721.909534,4629.312429,4630.861927,2584.380268,20004.369405,19944.049178742927,60.320226257073955,0.30153525480286913,23.997799999999984,True
cal_d06_v025_h10_r2,calibration,3.0,0.6,0.25,16.45,3.487371,4437.851943,3721.905197,4629.31174,4630.862431,2584.617327,20004.548638,19943.86416242298,60.68447557702166,0.3033533856482389,23.9957,True
cal_d12_v045_h15_r1,calibration,3.0,1.2,0.45,18.05,5.978669,4817.365402,3723.32872,5433.733207,5435.106354,2560.448473,21969.982156,22051.194671916703,81.21251591670443,0.3696521705846052,30.354000000000013,True
cal_d12_v045_h15_r2,calibration,3.0,1.2,0.45,18.1,5.979351,4817.375246,3723.31619,5433.733588,5373.371,2622.595744,21970.391768,21992.433496421516,22.041728421514563,0.10032469449915983,30.35850000000002,True
held_h10_t3_r1,heldout,3.0,0.0,0.0,8.95,2.19326,4408.409574,3722.38335,0.0,0.0,2609.157911,10739.950835,10807.142489385624,67.19165438562413,0.6256234820615372,15.737099999999998,True
held_h15_t3_r1,heldout,3.0,0.0,0.0,9.25,3.364317,4817.357218,3723.327208,0.0,0.0,2558.283086,11098.967512,11077.635194242752,21.332317757247438,0.1922009207990142,20.111199999999997,True
held_d09_v030_h10_r1,heldout,3.0,0.9,0.3,17.85,4.121409,4437.897607,3721.903411,5493.80216,5495.430581,2584.575545,21733.609304,21740.03906020028,6.429756200279371,0.029584392128996242,25.73199999999997,True
held_d09_v030_h10_r2,heldout,3.0,0.9,0.3,18.7,4.232433,4437.894448,3721.906142,5493.802115,5433.698156,3690.05539,22777.356251,21706.76486445019,1070.5913865498114,4.700244289777085,26.711700000000008,True
held_d09_v030_h15_r1,heldout,3.0,0.9,0.3,18.15,5.288235,4817.427989,3723.350297,5494.17082,5433.702997,2622.619458,22091.271561,21950.63577660354,140.63578439646153,0.6366124467219006,30.058100000000024,True
held_d09_v030_h15_r2,heldout,3.0,0.9,0.3,18.15,5.290196,4788.710982,3724.16696,5555.841198,5433.672228,2623.087277,22125.478646,22010.00743666005,115.47120933995029,0.5218924805535269,30.061199999999985,True
