scene,family,candidate,value,n,success_count,success_rate,successful_energy_median,successful_air_distance_median,successful_switch_count_median
scene_b,threshold_switch,tau_020,0.2,10,10,1.0,54.8025,9.904499999999999,10.0
scene_b,threshold_switch,tau_030,0.3,10,10,1.0,60.75855,10.4952,12.0
scene_b,threshold_switch,tau_040,0.4,10,7,0.7,59.4891,10.2693,12.0
scene_b,threshold_switch,tau_050,0.5,10,4,0.4,49.75785,7.62245,9.5
scene_b,threshold_switch,tau_060,0.6,10,0,0.0,inf,inf,inf
scene_b,risk_aware,wcvar_025,0.25,10,0,0.0,inf,inf,inf
scene_b,risk_aware,wcvar_050,0.5,10,0,0.0,inf,inf,inf
scene_b,risk_aware,wcvar_075,0.75,10,10,1.0,82.65765,15.87195,15.5
scene_b,risk_aware,wcvar_100,1.0,10,10,1.0,70.6747,15.89975,12.0
scene_b,risk_aware,wcvar_125,1.25,10,10,1.0,57.53945,15.767900000000001,8.0
scene_c,threshold_switch,tau_020,0.2,10,10,1.0,95.6691,14.7402,20.0
scene_c,threshold_switch,tau_030,0.3,10,10,1.0,77.57585,11.52835,16.0
scene_c,threshold_switch,tau_040,0.4,10,10,1.0,77.27695,11.4567,16.0
scene_c,threshold_switch,tau_050,0.5,10,6,0.6,66.71600000000001,10.720749999999999,13.5
scene_c,threshold_switch,tau_060,0.6,10,2,0.2,67.761,10.801300000000001,14.0
scene_c,risk_aware,wcvar_025,0.25,10,0,0.0,inf,inf,inf
scene_c,risk_aware,wcvar_050,0.5,10,0,0.0,inf,inf,inf
scene_c,risk_aware,wcvar_075,0.75,10,10,1.0,102.88465,19.44575,19.0
scene_c,risk_aware,wcvar_100,1.0,10,10,1.0,62.421800000000005,18.3792,8.0
scene_c,risk_aware,wcvar_125,1.25,10,10,1.0,62.5917,18.384349999999998,8.0
