Link Name,Center of Mass X,Center of Mass Y,Center of Mass Z,Center of Mass Roll,Center of Mass Pitch,Center of Mass Yaw,Mass,Moment Ixx,Moment Ixy,Moment Ixz,Moment Iyy,Moment Iyz,Moment Izz,Visual X,Visual Y,Visual Z,Visual Roll,Visual Pitch,Visual Yaw,Mesh Filename,Color Red,Color Green,Color Blue,Color Alpha,Collision X,Collision Y,Collision Z,Collision Roll,Collision Pitch,Collision Yaw,Collision Mesh Filename,Material Name,SW Components,Coordinate System,Axis Name,Joint Name,Joint Type,Joint Origin X,Joint Origin Y,Joint Origin Z,Joint Origin Roll,Joint Origin Pitch,Joint Origin Yaw,Parent,Joint Axis X,Joint Axis Y,Joint Axis Z,Limit Effort,Limit Velocity,Limit Lower,Limit Upper,Calibration rising,Calibration falling,Dynamics Damping,Dynamics Friction,Safety Soft Upper,Safety Soft Lower,Safety K Position,Safety K Velocity
base_link,0.0027205,3.1868E-05,0.016326,0,0,0,2.2782,0.0010088,-1.2793E-06,5.9514E-06,0.00068372,7.939E-06,0.0014123,0,0,0,0,0,0,package://uav_v4/meshes/base_link.STL,1,1,1,1,0,0,0,0,0,0,package://uav_v4/meshes/base_link.STL,,NUC_i5_主板-1;外壳-1;35mm_铝柱-3;15mm_铝柱-3;机载电脑安装板-1;15mm_铝柱-1;35mm_铝柱-1;35mm_铝柱-2;35mm_铝柱-4;pixhawk4mini-1;机载电脑安装板-2;40mm_铝柱-1;40mm_铝柱-4;40mm_铝柱-3;机载电脑安装板-3;格式4s_2300-1;15mm_铝柱-2;RealSense_D435-1;15mm_铝柱-5;40mm_铝柱-2;零件1-5;零件1-3;零件1-2;零件1-1,Origin_global,,,,0,0,0,0,0,0,,0,0,0,,,,,,,,,,,,
wheel1_link,-6.9389E-16,0.015781,-6.7654E-17,0,0,0,0.037807,4.513E-06,-1.3835E-21,-1.7984E-20,5.9992E-06,-1.2662E-21,4.513E-06,0,0,0,0,0,0,package://uav_v4/meshes/wheel1_link.STL,0.75294,0.75294,0.75294,1,0,0,0,0,0,0,package://uav_v4/meshes/wheel1_link.STL,,Mecanum Wheel Design (~recovered)-3,坐标系2,基准轴9,wheel1_joint,continuous,0.04,-0.088,-0.015,0,0,0,base_link,0,1,0,,,,,,,,,,,,
wheel2_link,0,0.015781,-3.4521E-16,0,0,0,0.037807,4.513E-06,-1.3736E-21,-1.8352E-20,5.9992E-06,-1.5042E-21,4.513E-06,0,0,0,0,0,0,package://uav_v4/meshes/wheel2_link.STL,0.75294,0.75294,0.75294,1,0,0,0,0,0,0,package://uav_v4/meshes/wheel2_link.STL,,Mecanum Wheel Design (~recovered)-4,坐标系3,基准轴8,wheel2_joint,continuous,-0.04,-0.088,-0.015,0,0,0,base_link,0,1,0,,,,,,,,,,,,
wheel3_link,-4.996E-16,-0.015781,2.8103E-16,0,0,0,0.037807,4.513E-06,1.4366E-21,1.0591E-20,5.9992E-06,-7.4952E-22,4.513E-06,0,0,0,0,0,0,package://uav_v4/meshes/wheel3_link.STL,0.75294,0.75294,0.75294,1,0,0,0,0,0,0,package://uav_v4/meshes/wheel3_link.STL,,Mecanum Wheel Design (~recovered)-2,坐标系4,基准轴7,wheel3_joint,continuous,0.0400000000000004,0.088,-0.0150000000000005,0,0,0,base_link,0,-1,0,,,,,,,,,,,,
wheel4_link,-8.9512E-16,-0.015719,1.7521E-16,0,0,0,0.037807,4.513E-06,6.0908E-23,1.5908E-20,5.9992E-06,-2.0557E-21,4.513E-06,0,0,0,0,0,0,package://uav_v4/meshes/wheel4_link.STL,0.75294,0.75294,0.75294,1,0,0,0,0,0,0,package://uav_v4/meshes/wheel4_link.STL,,Mecanum Wheel Design (~recovered)-1,坐标系5,基准轴5,wheel4_joint,continuous,-0.0399999999999994,0.088,-0.0150000000000003,0,0,0,base_link,0,1,0,,,,,,,,,,,,
arm1_link,0.029359,-0.029033,0.001856,0,0,0,0.010108,3.6495E-06,3.4138E-06,-5.9984E-21,3.7257E-06,6.5036E-21,7.3601E-06,0,0,0,0,0,0,package://uav_v4/meshes/arm1_link.STL,1,1,1,1,0,0,0,0,0,0,package://uav_v4/meshes/arm1_link.STL,,ESC-4;机臂-2,坐标系12,基准轴11,arm1_joint,revolute,0.0475,-0.0455,0.04,0,0,0,base_link,0,0,1,1,1,-3.14,3.14,,,,,,,,
wing1_link,-0.00012069,6.7575E-05,-0.015469,0,0,0,0.14356,1.0711E-05,3.8436E-10,-7.0473E-12,1.0711E-05,7.1694E-11,1.5206E-05,0,0,0,0,0,0,package://uav_v4/meshes/wing1_link.STL,1,1,1,0.85,0,0,0,0,0,0,package://uav_v4/meshes/wing1_link.STL,,5inch_propeller-2;电机2306-2,坐标系6,基准轴3,wing1_joint,continuous,0.057004,-0.05632,0.0293,0,0,0,arm1_link,0,0,-1,,,,,,,,,,,,
arm2_link,-0.0292962581830913,0.0289714060323844,0.00185602485905342,0,0,0,0.0101076088045098,3.64954032673343E-06,3.41381876615257E-06,-1.77688991786571E-21,3.72567317704808E-06,2.36511102283099E-21,7.36005209057475E-06,0,0,0,0,0,0,package://uav_v4/meshes/arm2_link.STL,1,1,1,1,0,0,0,0,0,0,package://uav_v4/meshes/arm2_link.STL,,机臂-4;ESC-2,坐标系10,基准轴12,arm2_joint,revolute,-0.0475,0.0455,0.04,0,0,0,base_link,0,0,1,1,1,-3.14,3.14,,,,,,,,
wing2_link,-0.00013824,-3.4396E-06,-0.015469,0,0,0,0.14356,1.0711E-05,-2.2212E-10,-2.8595E-11,1.0711E-05,-9.5706E-11,1.5206E-05,0,0,0,0,0,0,package://uav_v4/meshes/wing2_link.STL,1,1,1,0.85,0,0,0,0,0,0,package://uav_v4/meshes/wing2_link.STL,,5inch_propeller-3;电机2306-4,坐标系8,基准轴1,wing2_joint,continuous,-0.056745,0.056256,0.0293,0,0,0,arm2_link,0,0,-1,,,,,,,,,,,,
arm3_link,0.029033,0.029359,0.001856,0,0,0,0.010108,3.7257E-06,-3.4138E-06,8.2237E-21,3.6495E-06,8.7612E-21,7.3601E-06,0,0,0,0,0,0,package://uav_v4/meshes/arm3_link.STL,1,1,1,1,0,0,0,0,0,0,package://uav_v4/meshes/arm3_link.STL,,机臂-1;ESC-3,坐标系11,基准轴13,arm3_joint,revolute,0.0475,0.0455,0.04,0,0,0,base_link,0,0,1,1,1,-3.14,3.14,,,,,,,,
wing3_link,0.00013284,3.9015E-05,-0.015469,0,0,0,0.14356,1.0711E-05,9.743E-11,8.2675E-13,1.071E-05,-1.3698E-10,1.5205E-05,0,0,0,0,0,0,package://uav_v4/meshes/wing3_link.STL,1,1,1,0.85,0,0,0,0,0,0,package://uav_v4/meshes/wing3_link.STL,,5inch_propeller-4;电机2306-1,坐标系7,基准轴4,wing3_joint,continuous,0.0561194409149738,0.0568442905237558,0.0293000000000069,0,0,0,arm3_link,0,0,-1,,,,,,,,,,,,
arm4_link,-0.029033,-0.029359,0.001856,0,0,0,0.010108,3.7257E-06,-3.4138E-06,3.5619E-21,3.6495E-06,3.8509E-21,7.3601E-06,0,0,0,0,0,0,package://uav_v4/meshes/arm4_link.STL,1,1,1,1,0,0,0,0,0,0,package://uav_v4/meshes/arm4_link.STL,,机臂-3;ESC-5,坐标系13,基准轴14,arm4_joint,revolute,-0.0475,-0.0455,0.04,0,0,0,base_link,0,0,1,1,1,-3.14,3.14,,,,,,,,
wing4_link,-8.3369E-05,0.00011068,-0.015469,0,0,0,0.14356,1.0711E-05,-2.2056E-10,-5.3232E-12,1.0711E-05,-1.1229E-10,1.5206E-05,0,0,0,0,0,0,package://uav_v4/meshes/wing4_link.STL,1,1,1,0.85,0,0,0,0,0,0,package://uav_v4/meshes/wing4_link.STL,,5inch_propeller-1;电机2306-3,坐标系9,基准轴2,wing4_joint,continuous,-0.056169,-0.056994,0.0293,0,0,0,arm4_link,0,0,-1,,,,,,,,,,,,
