sim_time_s,event,requested_mode,approved_mode,mission_state,handoff_state,ground_owner,ground_active,motor_enable,disarmed,site_measurement_valid,site_valid,site_reason,persistent_site_count,target_site_id,target_source,target_reachability,target_revalidated,reposition_result,site_measurement_age_s,x_m,y_m,z_m,vx_m_s,vy_m_s,vz_m_s,actual_motor_mean_abs_rad_s
2.139000,mission_state:NAVIGATE,,,NAVIGATE,,False,False,False,True,False,False,measurement_missing,0,0,none,none,False,none,nan,nan,nan,nan,nan,nan,nan,0.000000
2.139000,requested_mode:GROUND,GROUND,,NAVIGATE,,False,False,False,True,False,False,measurement_missing,0,0,none,none,False,none,nan,nan,nan,nan,nan,nan,nan,0.000000
2.139000,approved_mode:GROUND,GROUND,GROUND,NAVIGATE,,False,False,False,True,False,False,measurement_missing,0,0,none,none,False,none,nan,nan,nan,nan,nan,nan,nan,0.000000
2.147000,handoff:GROUND_DRIVE,GROUND,GROUND,NAVIGATE,GROUND_DRIVE,True,True,False,True,False,False,measurement_missing,0,0,none,none,False,none,nan,nan,nan,nan,nan,nan,nan,0.000000
2.164000,reposition_result:none,GROUND,GROUND,NAVIGATE,GROUND_DRIVE,True,True,False,True,False,False,measurement_missing,3,0,none,none,False,none,nan,0.696389,0.000025,0.065868,0.435501,-0.000124,-0.004618,0.000000
3.405000,target_reachability:none,GROUND,GROUND,NAVIGATE,GROUND_DRIVE,True,True,False,True,True,True,clear,6,0,none,none,False,none,0.017000,1.235837,0.000025,0.065872,0.433846,0.000136,0.004602,0.000000
10.000000,requested_mode:TAKEOFF,TAKEOFF,GROUND,NAVIGATE,GROUND_DRIVE,True,True,False,True,True,False,swept_volume_blocked,20,0,none,none,False,none,0.012000,3.756176,0.883280,0.065873,0.345627,0.002911,0.005104,0.000000
10.023000,handoff:TAKEOFF_REPOSITION,TAKEOFF,GROUND,NAVIGATE,TAKEOFF_REPOSITION,True,True,False,True,True,False,swept_volume_blocked,20,0,none,none,False,none,0.015000,3.764039,0.882888,0.065865,0.340871,-0.004198,-0.007055,0.000000
10.023000,target_reachability:observed_ground_path,TAKEOFF,GROUND,NAVIGATE,TAKEOFF_REPOSITION,True,True,False,True,True,False,swept_volume_blocked,20,20,recent_reverse_path,observed_ground_path,False,none,0.015000,3.764377,0.882884,0.065872,0.336744,-0.003234,0.006980,0.000000
10.024000,reposition_result:takeoff_reposition_active,TAKEOFF,GROUND,NAVIGATE,TAKEOFF_REPOSITION,True,True,False,True,True,False,swept_volume_blocked,20,20,recent_reverse_path,observed_ground_path,False,takeoff_reposition_active,0.016000,3.764716,0.882882,0.065869,0.337215,-0.001848,-0.002930,0.000000
16.143000,approved_mode:TAKEOFF,TAKEOFF,TAKEOFF,NAVIGATE,TAKEOFF_REPOSITION,True,True,False,True,True,True,clear,20,20,recent_reverse_path,observed_ground_path,False,takeoff_reposition_active,0.015000,3.480976,0.793364,0.065872,-0.000306,-0.003124,0.004994,0.000000
16.143000,handoff:PRE_TAKEOFF_BRAKE,TAKEOFF,TAKEOFF,NAVIGATE,PRE_TAKEOFF_BRAKE,True,True,False,True,True,True,clear,20,20,recent_reverse_path,observed_ground_path,False,takeoff_reposition_active,0.015000,3.480976,0.793364,0.065872,-0.000306,-0.003124,0.004994,0.000000
16.143000,reposition_result:takeoff_reposition_succeeded,TAKEOFF,TAKEOFF,NAVIGATE,PRE_TAKEOFF_BRAKE,True,True,False,True,True,True,clear,20,20,recent_reverse_path,observed_ground_path,False,takeoff_reposition_succeeded,0.015000,3.480972,0.793363,0.065867,-0.000178,-0.003682,-0.004888,0.000000
16.144000,target_reachability:verified_current_epoch,TAKEOFF,TAKEOFF,NAVIGATE,PRE_TAKEOFF_BRAKE,True,True,False,True,True,True,clear,20,20,recent_reverse_path,verified_current_epoch,True,takeoff_reposition_succeeded,0.016000,3.480969,0.793363,0.065872,-0.000286,-0.003174,0.004887,0.000000
16.460000,approved_takeoff_pose,TAKEOFF,TAKEOFF,NAVIGATE,PRE_TAKEOFF_BRAKE,True,True,False,True,True,True,clear,20,20,recent_reverse_path,verified_current_epoch,True,takeoff_reposition_succeeded,0.012000,3.480937,0.793356,0.065872,-0.000244,-0.000141,0.005194,0.000000
16.461000,handoff:RELEASE_AND_ARM,TAKEOFF,TAKEOFF,NAVIGATE,RELEASE_AND_ARM,False,True,False,True,True,True,clear,20,20,recent_reverse_path,verified_current_epoch,True,takeoff_reposition_succeeded,0.013000,3.480937,0.793356,0.065872,-0.000244,-0.000141,0.005194,0.000000
16.501000,motor_enable:true,TAKEOFF,TAKEOFF,NAVIGATE,RELEASE_AND_ARM,False,False,True,True,True,True,clear,21,20,recent_reverse_path,verified_current_epoch,True,takeoff_reposition_succeeded,0.013000,3.480937,0.793356,0.065872,-0.000291,-0.000136,0.005209,0.000000
16.502000,handoff:TAKEOFF_VERTICAL,TAKEOFF,TAKEOFF,NAVIGATE,TAKEOFF_VERTICAL,False,False,True,True,True,True,clear,21,20,recent_reverse_path,verified_current_epoch,True,takeoff_reposition_succeeded,0.014000,3.480937,0.793356,0.065868,-0.000291,-0.000136,-0.004591,0.000000
18.561000,handoff:TAKEOFF_CLEARANCE_CONFIRM,TAKEOFF,TAKEOFF,NAVIGATE,TAKEOFF_CLEARANCE_CONFIRM,False,False,True,False,True,True,clear,21,20,recent_reverse_path,verified_current_epoch,True,takeoff_reposition_succeeded,0.013000,3.480935,0.793433,1.332022,0.000067,0.000004,0.189884,667.589437
18.600000,requested_mode:AIR,AIR,TAKEOFF,NAVIGATE,TAKEOFF_CLEARANCE_CONFIRM,False,False,True,False,True,True,clear,21,20,recent_reverse_path,verified_current_epoch,True,takeoff_reposition_succeeded,0.012000,3.480935,0.793431,1.338952,0.000066,0.000003,0.166239,668.411650
18.782000,approved_mode:AIR,AIR,AIR,NAVIGATE,TAKEOFF_CLEARANCE_CONFIRM,False,False,True,False,True,True,clear,21,20,recent_reverse_path,verified_current_epoch,True,takeoff_reposition_succeeded,0.014000,3.480939,0.793420,1.359910,0.000060,0.000002,0.068017,672.466401
18.782000,handoff:AIR_HORIZONTAL_TRACK,AIR,AIR,NAVIGATE,AIR_HORIZONTAL_TRACK,False,False,True,False,True,True,clear,21,20,recent_reverse_path,verified_current_epoch,True,takeoff_reposition_succeeded,0.014000,3.480939,0.793420,1.359910,0.000060,0.000002,0.068017,672.466401
20.000000,requested_mode:LAND,LAND,AIR,NAVIGATE,AIR_HORIZONTAL_TRACK,False,False,True,False,True,True,clear,21,20,recent_reverse_path,verified_current_epoch,True,takeoff_reposition_succeeded,0.012000,4.383567,1.121822,1.253173,0.936597,0.723673,-0.160628,693.057070
20.021000,handoff:LAND_VERTICAL,LAND,AIR,NAVIGATE,LAND_VERTICAL,False,False,True,False,True,True,clear,21,20,recent_reverse_path,verified_current_epoch,True,takeoff_reposition_succeeded,0.013000,4.405517,1.133277,1.250532,0.931917,0.711954,-0.162727,693.193951
20.023000,approved_mode:LAND,LAND,LAND,NAVIGATE,LAND_VERTICAL,False,False,True,False,True,True,clear,21,20,recent_reverse_path,verified_current_epoch,True,takeoff_reposition_succeeded,0.015000,4.407596,1.134365,1.250283,0.931429,0.710832,-0.162910,693.204567
23.521000,handoff:TOUCHDOWN_SETTLE,LAND,LAND,NAVIGATE,TOUCHDOWN_SETTLE,False,False,True,False,True,False,swept_volume_blocked,21,20,recent_reverse_path,verified_current_epoch,True,takeoff_reposition_succeeded,0.013000,4.319769,1.471737,0.072580,-0.076179,-0.008862,0.011665,688.013972
23.642000,handoff:LAND_VERTICAL,LAND,LAND,NAVIGATE,LAND_VERTICAL,False,False,True,False,True,True,clear,21,20,recent_reverse_path,verified_current_epoch,True,takeoff_reposition_succeeded,0.014000,4.312513,1.467457,0.073752,-0.034127,-0.074516,0.008669,688.191380
24.002000,handoff:TOUCHDOWN_SETTLE,LAND,LAND,NAVIGATE,TOUCHDOWN_SETTLE,False,False,True,False,True,False,swept_volume_blocked,21,20,recent_reverse_path,verified_current_epoch,True,takeoff_reposition_succeeded,0.014000,4.306432,1.424647,0.071064,-0.052128,-0.048354,-0.041577,690.700947
24.241000,handoff:LAND_VERTICAL,LAND,LAND,NAVIGATE,LAND_VERTICAL,False,False,True,False,True,False,swept_volume_blocked,21,20,recent_reverse_path,verified_current_epoch,True,takeoff_reposition_succeeded,0.013000,4.290415,1.418685,0.066175,-0.083919,-0.005337,0.004883,689.069997
24.341000,handoff:TOUCHDOWN_SETTLE,LAND,LAND,NAVIGATE,TOUCHDOWN_SETTLE,False,False,True,False,True,False,swept_volume_blocked,21,20,recent_reverse_path,verified_current_epoch,True,takeoff_reposition_succeeded,0.013000,4.282455,1.418768,0.066859,-0.079131,0.005240,0.006549,688.452995
24.761000,motor_enable:false,LAND,LAND,NAVIGATE,TOUCHDOWN_SETTLE,False,False,False,False,True,False,swept_volume_blocked,21,20,recent_reverse_path,verified_current_epoch,True,takeoff_reposition_succeeded,0.013000,4.256940,1.422063,0.068825,-0.046996,0.003372,-0.001825,688.845905
24.762000,handoff:DISARM_CONFIRM,LAND,LAND,NAVIGATE,DISARM_CONFIRM,False,False,False,False,True,False,swept_volume_blocked,21,20,recent_reverse_path,verified_current_epoch,True,takeoff_reposition_succeeded,0.014000,4.256893,1.422068,0.068825,-0.046793,0.003121,-0.001538,688.849252
24.772000,disarmed:true,LAND,LAND,NAVIGATE,DISARM_CONFIRM,False,False,False,True,True,False,swept_volume_blocked,21,20,recent_reverse_path,verified_current_epoch,True,takeoff_reposition_succeeded,0.004000,4.256432,1.422118,0.068817,-0.045961,0.002690,-0.001609,688.862285
24.800000,requested_mode:GROUND,GROUND,LAND,NAVIGATE,DISARM_CONFIRM,False,False,False,True,True,False,swept_volume_blocked,21,20,recent_reverse_path,verified_current_epoch,True,takeoff_reposition_succeeded,0.012000,4.255173,1.422250,0.067588,-0.032508,-0.018246,-0.109541,243.481833
25.101000,handoff:GROUND_REACQUIRE,GROUND,LAND,NAVIGATE,GROUND_REACQUIRE,True,False,False,True,True,False,swept_volume_blocked,21,20,recent_reverse_path,verified_current_epoch,True,takeoff_reposition_succeeded,0.013000,4.252419,1.422357,0.065868,-0.000025,0.002002,-0.000648,0.001437
25.102000,approved_mode:GROUND,GROUND,GROUND,NAVIGATE,GROUND_REACQUIRE,True,False,False,True,True,False,swept_volume_blocked,21,20,recent_reverse_path,verified_current_epoch,True,takeoff_reposition_succeeded,0.014000,4.252419,1.422357,0.065867,0.000012,-0.002478,-0.000845,0.001381
25.222000,handoff:GROUND_DRIVE,GROUND,GROUND,NAVIGATE,GROUND_DRIVE,True,True,False,True,True,False,swept_volume_blocked,21,20,recent_reverse_path,verified_current_epoch,True,takeoff_reposition_succeeded,0.014000,4.254322,1.421535,0.065872,0.054049,-0.007251,0.007384,0.000011
30.000000,requested_mode:TAKEOFF,TAKEOFF,GROUND,NAVIGATE,GROUND_DRIVE,True,True,False,True,True,False,swept_volume_blocked,21,20,recent_reverse_path,verified_current_epoch,True,takeoff_reposition_succeeded,0.012000,5.183815,1.417143,0.065867,0.177539,0.001038,-0.004931,0.000000
30.022000,handoff:TAKEOFF_REPOSITION,TAKEOFF,GROUND,NAVIGATE,TAKEOFF_REPOSITION,True,True,False,True,True,False,swept_volume_blocked,21,20,recent_reverse_path,verified_current_epoch,True,takeoff_reposition_succeeded,0.014000,5.187713,1.417143,0.065867,0.177293,0.001041,-0.004933,0.000000
30.023000,reposition_result:takeoff_reposition_active,TAKEOFF,GROUND,NAVIGATE,TAKEOFF_REPOSITION,True,True,False,True,True,False,swept_volume_blocked,21,20,recent_reverse_path,verified_current_epoch,True,takeoff_reposition_active,0.015000,5.188068,1.417143,0.065867,0.177272,0.001041,-0.004933,0.000000
30.023000,target_reachability:unverified_cross_sortie,TAKEOFF,GROUND,NAVIGATE,TAKEOFF_REPOSITION,True,True,False,True,True,False,swept_volume_blocked,21,21,approved_takeoff,unverified_cross_sortie,True,takeoff_reposition_active,0.015000,5.188068,1.417143,0.065867,0.177272,0.001041,-0.004933,0.000000
38.022000,handoff:TAKEOFF_REPOSITION_FAILED,TAKEOFF,GROUND,NAVIGATE,TAKEOFF_REPOSITION_FAILED,True,True,False,True,True,False,swept_volume_blocked,21,21,approved_takeoff,unverified_cross_sortie,False,takeoff_reposition_active,0.014000,3.797355,1.417141,0.065867,-0.050029,0.000319,-0.004939,0.000000
38.023000,reposition_result:takeoff_reposition_failed:timeout,TAKEOFF,GROUND,NAVIGATE,TAKEOFF_REPOSITION_FAILED,True,True,False,True,True,False,swept_volume_blocked,21,21,approved_takeoff,unverified_cross_sortie,False,takeoff_reposition_failed:timeout,0.015000,3.797255,1.417141,0.065867,-0.049982,0.000320,-0.004939,0.000000
38.023000,target_reachability:unreachable_current_episode,TAKEOFF,GROUND,NAVIGATE,TAKEOFF_REPOSITION_FAILED,True,True,False,True,True,False,swept_volume_blocked,21,21,approved_takeoff,unreachable_current_episode,False,takeoff_reposition_failed:timeout,0.015000,3.797255,1.417141,0.065867,-0.049982,0.000320,-0.004939,0.000000
40.000000,requested_mode:GROUND,GROUND,GROUND,NAVIGATE,TAKEOFF_REPOSITION_FAILED,True,True,False,True,True,False,swept_volume_blocked,21,21,approved_takeoff,unreachable_current_episode,False,takeoff_reposition_failed:timeout,0.012000,4.187837,1.417144,0.065867,0.226768,0.001221,-0.004953,0.000000
40.023000,handoff:GROUND_DRIVE,GROUND,GROUND,NAVIGATE,GROUND_DRIVE,True,True,False,True,True,False,swept_volume_blocked,21,21,approved_takeoff,unreachable_current_episode,False,takeoff_reposition_failed:timeout,0.015000,4.193045,1.417142,0.065872,0.226112,0.000284,0.004953,0.000000
50.001000,requested_mode:TAKEOFF,TAKEOFF,GROUND,NAVIGATE,GROUND_DRIVE,True,True,False,True,True,True,clear,26,21,approved_takeoff,unreachable_current_episode,False,takeoff_reposition_failed:timeout,0.013000,6.396315,0.604945,0.065868,0.427786,0.035749,-0.004665,0.000000
50.021000,approved_mode:TAKEOFF,TAKEOFF,TAKEOFF,NAVIGATE,GROUND_DRIVE,True,True,False,True,True,True,clear,26,21,approved_takeoff,unreachable_current_episode,False,takeoff_reposition_failed:timeout,0.013000,6.402403,0.598916,0.065868,0.427940,0.033846,-0.004665,0.000000
50.021000,handoff:PRE_TAKEOFF_BRAKE,TAKEOFF,TAKEOFF,NAVIGATE,PRE_TAKEOFF_BRAKE,True,True,False,True,True,True,clear,26,21,approved_takeoff,unreachable_current_episode,False,takeoff_reposition_failed:timeout,0.013000,6.402403,0.598916,0.065868,0.427940,0.033846,-0.004665,0.000000
50.540000,approved_takeoff_pose,TAKEOFF,TAKEOFF,NAVIGATE,PRE_TAKEOFF_BRAKE,True,True,False,True,True,True,clear,26,21,approved_takeoff,unreachable_current_episode,False,takeoff_reposition_failed:timeout,0.012000,6.441486,0.560220,0.065867,-0.000375,-0.000245,-0.004662,0.000000
50.541000,handoff:RELEASE_AND_ARM,TAKEOFF,TAKEOFF,NAVIGATE,RELEASE_AND_ARM,False,True,False,True,True,True,clear,26,21,approved_takeoff,unreachable_current_episode,False,takeoff_reposition_failed:timeout,0.013000,6.441486,0.560220,0.065867,-0.000375,-0.000245,-0.004662,0.000000
50.581000,handoff:TAKEOFF_VERTICAL,TAKEOFF,TAKEOFF,NAVIGATE,TAKEOFF_VERTICAL,False,False,False,True,True,True,clear,27,21,approved_takeoff,unreachable_current_episode,False,takeoff_reposition_failed:timeout,0.013000,6.441452,0.560220,0.065868,-0.000782,-0.000653,-0.004507,0.000000
50.581000,motor_enable:true,TAKEOFF,TAKEOFF,NAVIGATE,TAKEOFF_VERTICAL,False,False,True,True,True,True,clear,27,21,approved_takeoff,unreachable_current_episode,False,takeoff_reposition_failed:timeout,0.013000,6.441452,0.560220,0.065868,-0.000782,-0.000653,-0.004507,0.000000
52.661000,handoff:TAKEOFF_CLEARANCE_CONFIRM,TAKEOFF,TAKEOFF,NAVIGATE,TAKEOFF_CLEARANCE_CONFIRM,False,False,True,False,True,True,clear,27,21,approved_takeoff,unreachable_current_episode,False,takeoff_reposition_failed:timeout,0.013000,6.441213,0.560177,1.331993,0.000229,0.000539,0.189921,667.579690
52.700000,requested_mode:AIR,AIR,TAKEOFF,NAVIGATE,TAKEOFF_CLEARANCE_CONFIRM,False,False,True,False,True,True,clear,27,21,approved_takeoff,unreachable_current_episode,False,takeoff_reposition_failed:timeout,0.012000,6.441234,0.560184,1.338924,0.000221,0.000523,0.166260,668.404999
52.880000,approved_mode:AIR,AIR,AIR,NAVIGATE,TAKEOFF_CLEARANCE_CONFIRM,False,False,True,False,True,True,clear,27,21,approved_takeoff,unreachable_current_episode,False,takeoff_reposition_failed:timeout,0.012000,6.441324,0.560214,1.359749,0.000191,0.000449,0.069000,672.429310
52.880000,handoff:AIR_HORIZONTAL_TRACK,AIR,AIR,NAVIGATE,AIR_HORIZONTAL_TRACK,False,False,True,False,True,True,clear,27,21,approved_takeoff,unreachable_current_episode,False,takeoff_reposition_failed:timeout,0.012000,6.441324,0.560214,1.359749,0.000191,0.000449,0.069000,672.429310
56.500000,mission_state:DELIVER,AIR,AIR,DELIVER,AIR_HORIZONTAL_TRACK,False,False,True,False,True,True,clear,27,21,approved_takeoff,unreachable_current_episode,False,takeoff_reposition_failed:timeout,0.012000,10.074323,-0.093533,1.188417,0.525994,0.448350,-0.067332,691.998794
60.000000,requested_mode:LAND,LAND,AIR,DELIVER,AIR_HORIZONTAL_TRACK,False,False,True,False,True,True,clear,27,21,approved_takeoff,unreachable_current_episode,False,takeoff_reposition_failed:timeout,0.012000,9.975934,-0.013336,1.205297,0.007887,-0.005166,-0.001278,689.634734
60.021000,approved_mode:LAND,LAND,LAND,DELIVER,AIR_HORIZONTAL_TRACK,False,False,True,False,True,True,clear,27,21,approved_takeoff,unreachable_current_episode,False,takeoff_reposition_failed:timeout,0.013000,9.976105,-0.013438,1.205270,0.008664,-0.004404,-0.001276,689.636917
60.021000,handoff:LAND_VERTICAL,LAND,LAND,DELIVER,LAND_VERTICAL,False,False,True,False,True,True,clear,27,21,approved_takeoff,unreachable_current_episode,False,takeoff_reposition_failed:timeout,0.013000,9.976105,-0.013438,1.205270,0.008664,-0.004404,-0.001276,689.636917
61.681000,handoff:TOUCHDOWN_SETTLE,LAND,LAND,DELIVER,TOUCHDOWN_SETTLE,False,False,True,False,True,True,clear,27,21,approved_takeoff,unreachable_current_episode,False,takeoff_reposition_failed:timeout,0.013000,9.979626,-0.013364,0.065980,0.000002,-0.000000,0.016101,715.942497
62.101000,handoff:DISARM_CONFIRM,LAND,LAND,DELIVER,DISARM_CONFIRM,False,False,True,False,True,True,clear,27,21,approved_takeoff,unreachable_current_episode,False,takeoff_reposition_failed:timeout,0.013000,9.979383,-0.013366,0.075444,-0.001517,-0.000019,0.008312,687.386236
62.101000,motor_enable:false,LAND,LAND,DELIVER,DISARM_CONFIRM,False,False,False,False,True,True,clear,27,21,approved_takeoff,unreachable_current_episode,False,takeoff_reposition_failed:timeout,0.013000,9.979383,-0.013366,0.075444,-0.001517,-0.000019,0.008312,687.386236
62.102000,disarmed:true,LAND,LAND,DELIVER,DISARM_CONFIRM,False,False,False,True,True,True,clear,27,21,approved_takeoff,unreachable_current_episode,False,takeoff_reposition_failed:timeout,0.014000,9.979382,-0.013366,0.075452,-0.001522,-0.000019,0.008248,687.388651
62.200000,requested_mode:GROUND,GROUND,LAND,DELIVER,DISARM_CONFIRM,False,False,False,True,True,True,clear,27,21,approved_takeoff,unreachable_current_episode,False,takeoff_reposition_failed:timeout,0.012000,9.979295,-0.013367,0.065863,0.000138,0.000004,-0.009215,22.941626
62.440000,approved_mode:GROUND,GROUND,GROUND,DELIVER,DISARM_CONFIRM,False,False,False,True,True,True,clear,27,21,approved_takeoff,unreachable_current_episode,False,takeoff_reposition_failed:timeout,0.012000,9.979438,-0.013362,0.065870,0.000142,0.000027,-0.002591,0.001554
62.441000,handoff:GROUND_REACQUIRE,GROUND,GROUND,DELIVER,GROUND_REACQUIRE,True,False,False,True,True,True,clear,27,21,approved_takeoff,unreachable_current_episode,False,takeoff_reposition_failed:timeout,0.013000,9.979438,-0.013362,0.065872,-0.000126,-0.000025,0.002593,0.001493
62.500000,mission_state:RETURN,GROUND,GROUND,RETURN,GROUND_REACQUIRE,True,True,False,True,True,True,clear,28,21,approved_takeoff,unreachable_current_episode,False,takeoff_reposition_failed:timeout,0.012000,9.979437,-0.013362,0.065869,-0.000170,-0.000053,-0.003451,0.000141
62.541000,handoff:GROUND_DRIVE,GROUND,GROUND,RETURN,GROUND_DRIVE,True,True,False,True,True,True,clear,28,21,approved_takeoff,unreachable_current_episode,False,takeoff_reposition_failed:timeout,0.013000,9.979438,-0.013362,0.065872,0.000201,0.000092,0.003783,0.000027
70.000000,requested_mode:TAKEOFF,TAKEOFF,GROUND,RETURN,GROUND_DRIVE,True,True,False,True,True,False,swept_volume_blocked,32,21,approved_takeoff,unreachable_current_episode,False,takeoff_reposition_failed:timeout,0.012000,7.320974,-0.012973,0.065871,0.000654,0.000083,0.000889,0.000000
70.002000,handoff:TAKEOFF_REPOSITION,TAKEOFF,GROUND,RETURN,TAKEOFF_REPOSITION,True,True,False,True,True,False,swept_volume_blocked,32,21,approved_takeoff,unreachable_current_episode,False,takeoff_reposition_failed:timeout,0.014000,7.320974,-0.012973,0.065871,0.000654,0.000083,0.000889,0.000000
70.002000,reposition_result:takeoff_reposition_active,TAKEOFF,GROUND,RETURN,TAKEOFF_REPOSITION,True,True,False,True,True,False,swept_volume_blocked,32,21,approved_takeoff,unreachable_current_episode,False,takeoff_reposition_active,0.014000,7.320975,-0.012973,0.065870,-0.000654,0.000069,-0.000889,0.000000
70.003000,target_reachability:observed_ground_path,TAKEOFF,GROUND,RETURN,TAKEOFF_REPOSITION,True,True,False,True,True,False,swept_volume_blocked,32,41,recent_reverse_path,observed_ground_path,False,takeoff_reposition_active,0.015000,7.320974,-0.012973,0.065871,0.000654,0.000083,0.000889,0.000000
75.082000,approved_mode:TAKEOFF,TAKEOFF,TAKEOFF,RETURN,TAKEOFF_REPOSITION,True,True,False,True,True,True,clear,32,41,recent_reverse_path,observed_ground_path,False,takeoff_reposition_active,0.014000,7.605266,-0.012469,0.065871,0.007723,0.000905,0.000504,0.000000
75.082000,handoff:PRE_TAKEOFF_BRAKE,TAKEOFF,TAKEOFF,RETURN,PRE_TAKEOFF_BRAKE,True,True,False,True,True,True,clear,32,41,recent_reverse_path,observed_ground_path,False,takeoff_reposition_active,0.014000,7.605266,-0.012469,0.065871,0.007723,0.000905,0.000504,0.000000
75.083000,reposition_result:takeoff_reposition_succeeded,TAKEOFF,TAKEOFF,RETURN,PRE_TAKEOFF_BRAKE,True,True,False,True,True,True,clear,32,41,recent_reverse_path,observed_ground_path,False,takeoff_reposition_succeeded,0.015000,7.605278,-0.012468,0.065871,0.007717,0.000903,0.000504,0.000000
75.083000,target_reachability:verified_current_epoch,TAKEOFF,TAKEOFF,RETURN,PRE_TAKEOFF_BRAKE,True,True,False,True,True,True,clear,32,41,recent_reverse_path,verified_current_epoch,True,takeoff_reposition_succeeded,0.015000,7.605278,-0.012468,0.065871,0.007717,0.000903,0.000504,0.000000
75.400000,approved_takeoff_pose,TAKEOFF,TAKEOFF,RETURN,PRE_TAKEOFF_BRAKE,True,True,False,True,True,True,clear,32,41,recent_reverse_path,verified_current_epoch,True,takeoff_reposition_succeeded,0.012000,7.605304,-0.012459,0.065871,-0.002092,-0.000094,-0.000123,0.000000
75.402000,handoff:RELEASE_AND_ARM,TAKEOFF,TAKEOFF,RETURN,RELEASE_AND_ARM,False,False,False,True,True,True,clear,32,41,recent_reverse_path,verified_current_epoch,True,takeoff_reposition_succeeded,0.014000,7.605303,-0.012459,0.065871,0.000388,0.000039,0.000136,0.000000
75.441000,handoff:TAKEOFF_VERTICAL,TAKEOFF,TAKEOFF,RETURN,TAKEOFF_VERTICAL,False,False,False,True,True,True,clear,32,41,recent_reverse_path,verified_current_epoch,True,takeoff_reposition_succeeded,0.013000,7.605249,-0.012459,0.065871,-0.003111,-0.000070,-0.000099,0.000000
75.441000,motor_enable:true,TAKEOFF,TAKEOFF,RETURN,TAKEOFF_VERTICAL,False,False,True,True,True,True,clear,32,41,recent_reverse_path,verified_current_epoch,True,takeoff_reposition_succeeded,0.013000,7.605249,-0.012459,0.065871,-0.003111,-0.000070,-0.000099,0.000000
77.500000,requested_mode:AIR,AIR,TAKEOFF,RETURN,TAKEOFF_VERTICAL,False,False,True,False,True,True,clear,32,41,recent_reverse_path,verified_current_epoch,True,takeoff_reposition_succeeded,0.012000,7.605261,-0.012490,1.331762,0.000035,0.000116,0.190597,667.571363
77.501000,handoff:TAKEOFF_CLEARANCE_CONFIRM,AIR,TAKEOFF,RETURN,TAKEOFF_CLEARANCE_CONFIRM,False,False,True,False,True,True,clear,32,41,recent_reverse_path,verified_current_epoch,True,takeoff_reposition_succeeded,0.013000,7.605261,-0.012490,1.331952,0.000035,0.000116,0.189979,667.589234
77.721000,approved_mode:AIR,AIR,AIR,RETURN,TAKEOFF_CLEARANCE_CONFIRM,False,False,True,False,True,True,clear,32,41,recent_reverse_path,verified_current_epoch,True,takeoff_reposition_succeeded,0.013000,7.605267,-0.012467,1.359792,0.000017,0.000095,0.068594,672.443378
77.721000,handoff:AIR_HORIZONTAL_TRACK,AIR,AIR,RETURN,AIR_HORIZONTAL_TRACK,False,False,True,False,True,True,clear,32,41,recent_reverse_path,verified_current_epoch,True,takeoff_reposition_succeeded,0.013000,7.605267,-0.012467,1.359792,0.000017,0.000095,0.068594,672.443378
80.000000,mission_state:DONE,AIR,AIR,DONE,AIR_HORIZONTAL_TRACK,False,False,True,False,True,True,clear,32,41,recent_reverse_path,verified_current_epoch,True,takeoff_reposition_succeeded,0.012000,1.694707,-0.042027,1.145167,-1.086487,-0.006213,-0.375880,707.387565
80.000000,requested_mode:LAND,LAND,AIR,DONE,AIR_HORIZONTAL_TRACK,False,False,True,False,True,True,clear,32,41,recent_reverse_path,verified_current_epoch,True,takeoff_reposition_succeeded,0.012000,1.694707,-0.042027,1.145167,-1.086487,-0.006213,-0.375880,707.387565
80.021000,approved_mode:LAND,LAND,LAND,DONE,AIR_HORIZONTAL_TRACK,False,False,True,False,True,True,clear,32,41,recent_reverse_path,verified_current_epoch,True,takeoff_reposition_succeeded,0.013000,1.671212,-0.042163,1.142749,-1.037175,-0.005165,-0.356711,707.197978
80.021000,handoff:LAND_VERTICAL,LAND,LAND,DONE,LAND_VERTICAL,False,False,True,False,True,True,clear,32,41,recent_reverse_path,verified_current_epoch,True,takeoff_reposition_succeeded,0.013000,1.671212,-0.042163,1.142749,-1.037175,-0.005165,-0.356711,707.197978
83.061000,handoff:TOUCHDOWN_SETTLE,LAND,LAND,DONE,TOUCHDOWN_SETTLE,False,False,True,False,True,True,clear,32,41,recent_reverse_path,verified_current_epoch,True,takeoff_reposition_succeeded,0.013000,1.669633,-0.040714,0.072268,0.077754,0.001542,-0.028099,689.733644
83.481000,handoff:DISARM_CONFIRM,LAND,LAND,DONE,DISARM_CONFIRM,False,False,True,False,True,True,clear,32,41,recent_reverse_path,verified_current_epoch,True,takeoff_reposition_succeeded,0.013000,1.693394,-0.040494,0.066702,0.043048,-0.002750,0.003006,688.540417
83.481000,motor_enable:false,LAND,LAND,DONE,DISARM_CONFIRM,False,False,False,False,True,True,clear,32,41,recent_reverse_path,verified_current_epoch,True,takeoff_reposition_succeeded,0.013000,1.693394,-0.040494,0.066702,0.043048,-0.002750,0.003006,688.540417
83.482000,disarmed:true,LAND,LAND,DONE,DISARM_CONFIRM,False,False,False,True,True,True,clear,32,41,recent_reverse_path,verified_current_epoch,True,takeoff_reposition_succeeded,0.014000,1.693437,-0.040496,0.066706,0.042939,-0.002762,0.002976,688.539370
83.500000,requested_mode:GROUND,GROUND,LAND,DONE,DISARM_CONFIRM,False,False,False,True,True,True,clear,32,41,recent_reverse_path,verified_current_epoch,True,takeoff_reposition_succeeded,0.012000,1.694187,-0.040537,0.066429,0.041078,-0.002935,-0.055321,363.060240
83.821000,approved_mode:GROUND,GROUND,GROUND,DONE,DISARM_CONFIRM,False,False,False,True,True,True,clear,32,41,recent_reverse_path,verified_current_epoch,True,takeoff_reposition_succeeded,0.013000,1.696432,-0.040563,0.065870,-0.003921,-0.000005,-0.000766,0.000963
83.821000,handoff:GROUND_REACQUIRE,GROUND,GROUND,DONE,GROUND_REACQUIRE,True,False,False,True,True,True,clear,32,41,recent_reverse_path,verified_current_epoch,True,takeoff_reposition_succeeded,0.013000,1.696432,-0.040563,0.065870,-0.003921,-0.000005,-0.000766,0.000963
83.921000,handoff:GROUND_DRIVE,GROUND,GROUND,DONE,GROUND_DRIVE,True,True,False,True,True,True,clear,32,41,recent_reverse_path,verified_current_epoch,True,takeoff_reposition_succeeded,0.013000,1.698776,-0.040461,0.065870,0.067090,0.003129,-0.000420,0.000018
