scene,seed,time,mode,mission_state,x,y,z,roll,pitch,yaw,goal_x,goal_y,cmd_vx,cmd_vy,cmd_wz,slope_deg,obstacle_density,traversability_mean,traversability_true,traversability_uncertainty,terrain_cost,visibility_confidence,stuck_risk_prior,J_ground,J_air,risk_cvar,energy_term,switch_reason,battery,power_w,energy_j,ground_energy_j,air_energy_j,takeoff_energy_j,land_energy_j,switch_energy_j,path_length,ground_distance_m,air_distance_m,switch_count,collision_count,stuck_count,stuck_event_count,slip_ratio,shield_override_count,override_reason,safe_landing_margin_j,unsafe_action_count,irreversible_failure,entered_unrecoverable_set,recoverability_margin_min,final_distance,success,timeout,air_backend,legacy_energy_model,energy_model,flight_phase,calibration_trial_id,calibration_split,rotors_cmd_omega_0_rad_s,rotors_cmd_omega_1_rad_s,rotors_cmd_omega_2_rad_s,rotors_cmd_omega_3_rad_s,rotors_actual_omega_0_rad_s,rotors_actual_omega_1_rad_s,rotors_actual_omega_2_rad_s,rotors_actual_omega_3_rad_s,rotors_cmd_omega_mean_rad_s,rotors_actual_omega_mean_rad_s,rotors_total_thrust_n,rotors_mechanical_power_w,rotors_mechanical_energy_j,rotors_trial_mechanical_energy_j,rotors_trial_flight_duration_s,rotors_trial_distance_m,rotors_takeoff_mechanical_energy_j,rotors_hover_mechanical_energy_j,rotors_translation_mechanical_energy_j,rotors_return_mechanical_energy_j,rotors_landing_mechanical_energy_j,rotors_takeoff_duration_s,rotors_hover_duration_s,rotors_translation_duration_s,rotors_return_duration_s,rotors_landing_duration_s,rotors_altitude_m,rotors_velocity_x_m_s,rotors_velocity_y_m_s,rotors_velocity_z_m_s,rotors_speed_m_s,rotor_force_constant_n_per_rad_s_sq,rotor_moment_constant_m,rotor_velocity_slowdown_sim,rotors_energy_valid,supervisor_energy_backend,supervisor_energy_model,supervisor_predicted_consumption_j,supervisor_actual_consumption_j,supervisor_reserve_j,supervisor_block_reason,rotors_mechanical_budget_j,rotors_mechanical_remaining_j
scene_a,-1,0.224,GROUND,NAVIGATE,0.0000,0.0000,0.1495,-0.0000,-0.0000,0.0000,2.0000,0.0000,0.0000,0.0000,0.0000,0.00,0.050,0.967,0.967,0.065,0.032,0.958,0.065,0.0000,0.0000,0.0000,0.0000,ground_only,1.000,0.0000,0.0000,0.0000,0.0000,0.0000,0.0000,0.0000,0.0000,0.0000,0.0000,0,0,0,0,0.0000,0,ok,1980.0000,0,0,0,2000.0000,2.0000,0,0,ideal,legacy_task_distance_hover_proxy_v1,legacy_task_distance_hover_proxy_v1,GROUND,,,0.000000,0.000000,0.000000,0.000000,0.000000,0.000000,0.000000,0.000000,0.000000,0.000000,0.000000,0.000000,0.000000,0.000000,0.000000,0.000000,0.000000,0.000000,0.000000,0.000000,0.000000,0.000000,0.000000,0.000000,0.000000,0.000000,0.149481,0.000000,-0.000000,-0.009800,0.009800,1.568e-05,0.06,10,1,ideal,legacy_task_distance_hover_proxy_v1,0.000000,0.000000,2000.000000,none,0.000000,0.000000
scene_a,-1,0.400,GROUND,NAVIGATE,0.0000,0.0000,0.1478,-0.0000,-0.0000,0.0000,2.0000,0.0000,0.4500,-0.0000,-0.0000,0.00,0.050,0.967,0.967,0.065,0.032,0.958,0.065,0.0000,0.0000,0.0000,0.0000,ground_only,1.000,0.1575,0.0277,0.0277,0.0000,0.0000,0.0000,0.0000,0.0000,0.0000,0.0000,0,0,0,0,1.0000,0,ok,1980.0000,0,0,0,2000.0000,2.0000,0,0,ideal,legacy_task_distance_hover_proxy_v1,legacy_task_distance_hover_proxy_v1,GROUND,,,0.000000,0.000000,0.000000,0.000000,0.000000,0.000000,0.000000,0.000000,0.000000,0.000000,0.000000,0.000000,0.000000,0.000000,0.000000,0.000000,0.000000,0.000000,0.000000,0.000000,0.000000,0.000000,0.000000,0.000000,0.000000,0.000000,0.147756,0.000000,0.000000,0.000000,0.000000,1.568e-05,0.06,10,1,ideal,legacy_task_distance_hover_proxy_v1,0.000000,0.027720,2000.000000,none,0.000000,0.000000
scene_a,-1,0.600,GROUND,NAVIGATE,0.0891,-0.0000,0.1458,-0.0000,0.0000,0.0000,2.0000,0.0000,0.4500,-0.0000,-0.0000,0.00,0.050,0.967,0.967,0.065,0.032,0.958,0.065,0.0000,0.0000,0.0000,0.0000,ground_only,1.000,0.1575,0.0592,0.0592,0.0000,0.0000,0.0000,0.0000,0.0896,0.0896,0.0000,0,0,0,0,0.4734,0,ok,1979.9723,0,0,0,1999.9723,1.9109,0,0,ideal,legacy_task_distance_hover_proxy_v1,legacy_task_distance_hover_proxy_v1,GROUND,,,0.000000,0.000000,0.000000,0.000000,0.000000,0.000000,0.000000,0.000000,0.000000,0.000000,0.000000,0.000000,0.000000,0.000000,0.000000,0.000000,0.000000,0.000000,0.000000,0.000000,0.000000,0.000000,0.000000,0.000000,0.000000,0.000000,0.145796,0.450000,-0.000000,0.000000,0.450000,1.568e-05,0.06,10,1,ideal,legacy_task_distance_hover_proxy_v1,0.000000,0.059220,1999.972290,none,0.000000,0.000000
scene_a,-1,0.800,GROUND,NAVIGATE,0.1791,-0.0000,0.1438,0.0000,0.0000,0.0000,2.0000,0.0000,0.4500,-0.0000,-0.0000,0.00,0.050,0.967,0.967,0.065,0.032,0.958,0.065,0.0000,0.0000,0.0000,0.0000,ground_only,1.000,0.1575,0.0907,0.0907,0.0000,0.0000,0.0000,0.0000,0.1791,0.1791,0.0000,0,0,0,0,0.3090,0,ok,1979.9408,0,0,0,1999.9408,1.8209,0,0,ideal,legacy_task_distance_hover_proxy_v1,legacy_task_distance_hover_proxy_v1,GROUND,,,0.000000,0.000000,0.000000,0.000000,0.000000,0.000000,0.000000,0.000000,0.000000,0.000000,0.000000,0.000000,0.000000,0.000000,0.000000,0.000000,0.000000,0.000000,0.000000,0.000000,0.000000,0.000000,0.000000,0.000000,0.000000,0.000000,0.143836,0.450000,-0.000000,0.000000,0.450000,1.568e-05,0.06,10,1,ideal,legacy_task_distance_hover_proxy_v1,0.000000,0.090720,1999.940796,none,0.000000,0.000000
scene_a,-1,1.000,GROUND,NAVIGATE,0.2691,-0.0000,0.1419,0.0000,0.0000,0.0000,2.0000,0.0000,0.4500,-0.0000,-0.0000,0.00,0.050,0.967,0.967,0.065,0.032,0.958,0.065,0.0000,0.0000,0.0000,0.0000,ground_only,1.000,0.1575,0.1222,0.1222,0.0000,0.0000,0.0000,0.0000,0.2696,0.2696,0.0000,0,0,0,0,0.2294,0,ok,1979.9093,0,0,0,1999.9093,1.7309,0,0,ideal,legacy_task_distance_hover_proxy_v1,legacy_task_distance_hover_proxy_v1,GROUND,,,0.000000,0.000000,0.000000,0.000000,0.000000,0.000000,0.000000,0.000000,0.000000,0.000000,0.000000,0.000000,0.000000,0.000000,0.000000,0.000000,0.000000,0.000000,0.000000,0.000000,0.000000,0.000000,0.000000,0.000000,0.000000,0.000000,0.141876,0.450000,-0.000000,0.000000,0.450000,1.568e-05,0.06,10,1,ideal,legacy_task_distance_hover_proxy_v1,0.000000,0.122220,1999.909302,none,0.000000,0.000000
scene_a,-1,1.200,GROUND,NAVIGATE,0.3591,-0.0000,0.1399,0.0000,0.0000,0.0000,2.0000,0.0000,0.4500,-0.0000,-0.0000,0.00,0.050,0.967,0.967,0.065,0.032,0.958,0.065,0.0000,0.0000,0.0000,0.0000,ground_only,1.000,0.1575,0.1537,0.1537,0.0000,0.0000,0.0000,0.0000,0.3591,0.3591,0.0000,0,0,0,0,0.1824,0,ok,1979.8778,0,0,0,1999.8778,1.6409,0,0,ideal,legacy_task_distance_hover_proxy_v1,legacy_task_distance_hover_proxy_v1,GROUND,,,0.000000,0.000000,0.000000,0.000000,0.000000,0.000000,0.000000,0.000000,0.000000,0.000000,0.000000,0.000000,0.000000,0.000000,0.000000,0.000000,0.000000,0.000000,0.000000,0.000000,0.000000,0.000000,0.000000,0.000000,0.000000,0.000000,0.139916,0.450000,-0.000000,0.000000,0.450000,1.568e-05,0.06,10,1,ideal,legacy_task_distance_hover_proxy_v1,0.000000,0.153720,1999.877808,none,0.000000,0.000000
scene_a,-1,1.400,GROUND,NAVIGATE,0.4491,-0.0000,0.1380,0.0000,-0.0000,0.0000,2.0000,0.0000,0.4500,-0.0000,-0.0000,0.00,0.050,0.967,0.967,0.065,0.032,0.958,0.065,0.0000,0.0000,0.0000,0.0000,ground_only,1.000,0.1575,0.1852,0.1852,0.0000,0.0000,0.0000,0.0000,0.4491,0.4491,0.0000,0,0,0,0,0.1514,0,ok,1979.8463,0,0,0,1999.8463,1.5509,0,0,ideal,legacy_task_distance_hover_proxy_v1,legacy_task_distance_hover_proxy_v1,GROUND,,,0.000000,0.000000,0.000000,0.000000,0.000000,0.000000,0.000000,0.000000,0.000000,0.000000,0.000000,0.000000,0.000000,0.000000,0.000000,0.000000,0.000000,0.000000,0.000000,0.000000,0.000000,0.000000,0.000000,0.000000,0.000000,0.000000,0.137956,0.450000,-0.000000,0.000000,0.450000,1.568e-05,0.06,10,1,ideal,legacy_task_distance_hover_proxy_v1,0.000000,0.185220,1999.846313,none,0.000000,0.000000
scene_a,-1,1.600,GROUND,NAVIGATE,0.5391,0.0000,0.1360,0.0000,0.0000,0.0000,2.0000,0.0000,0.4500,-0.0000,-0.0000,0.00,0.050,0.967,0.967,0.065,0.032,0.958,0.065,0.0000,0.0000,0.0000,0.0000,ground_only,1.000,0.1575,0.2167,0.2167,0.0000,0.0000,0.0000,0.0000,0.5396,0.5396,0.0000,0,0,0,0,0.1294,0,ok,1979.8148,0,0,0,1999.8148,1.4609,0,0,ideal,legacy_task_distance_hover_proxy_v1,legacy_task_distance_hover_proxy_v1,GROUND,,,0.000000,0.000000,0.000000,0.000000,0.000000,0.000000,0.000000,0.000000,0.000000,0.000000,0.000000,0.000000,0.000000,0.000000,0.000000,0.000000,0.000000,0.000000,0.000000,0.000000,0.000000,0.000000,0.000000,0.000000,0.000000,0.000000,0.135996,0.450000,-0.000000,0.000000,0.450000,1.568e-05,0.06,10,1,ideal,legacy_task_distance_hover_proxy_v1,0.000000,0.216720,1999.814819,none,0.000000,0.000000
scene_a,-1,1.800,GROUND,NAVIGATE,0.6291,-0.0000,0.1340,0.0000,-0.0000,0.0000,2.0000,0.0000,0.4500,-0.0000,-0.0000,0.00,0.050,0.967,0.967,0.065,0.032,0.958,0.065,0.0000,0.0000,0.0000,0.0000,ground_only,1.000,0.1575,0.2482,0.2482,0.0000,0.0000,0.0000,0.0000,0.6291,0.6291,0.0000,0,0,0,0,0.1129,0,ok,1979.7833,0,0,0,1999.7833,1.3709,0,0,ideal,legacy_task_distance_hover_proxy_v1,legacy_task_distance_hover_proxy_v1,GROUND,,,0.000000,0.000000,0.000000,0.000000,0.000000,0.000000,0.000000,0.000000,0.000000,0.000000,0.000000,0.000000,0.000000,0.000000,0.000000,0.000000,0.000000,0.000000,0.000000,0.000000,0.000000,0.000000,0.000000,0.000000,0.000000,0.000000,0.134036,0.450000,-0.000000,0.000000,0.450000,1.568e-05,0.06,10,1,ideal,legacy_task_distance_hover_proxy_v1,0.000000,0.248220,1999.783325,none,0.000000,0.000000
scene_a,-1,2.000,GROUND,NAVIGATE,0.7191,0.0000,0.1321,-0.0000,-0.0000,-0.0000,2.0000,0.0000,0.4500,0.0000,0.0000,0.00,0.050,0.967,0.967,0.065,0.032,0.958,0.065,0.0000,0.0000,0.0000,0.0000,ground_only,1.000,0.1575,0.2797,0.2797,0.0000,0.0000,0.0000,0.0000,0.7191,0.7191,0.0000,0,0,0,0,0.1002,0,ok,1979.7518,0,0,0,1999.7518,1.2809,0,0,ideal,legacy_task_distance_hover_proxy_v1,legacy_task_distance_hover_proxy_v1,GROUND,,,0.000000,0.000000,0.000000,0.000000,0.000000,0.000000,0.000000,0.000000,0.000000,0.000000,0.000000,0.000000,0.000000,0.000000,0.000000,0.000000,0.000000,0.000000,0.000000,0.000000,0.000000,0.000000,0.000000,0.000000,0.000000,0.000000,0.132076,0.450000,0.000000,0.000000,0.450000,1.568e-05,0.06,10,1,ideal,legacy_task_distance_hover_proxy_v1,0.000000,0.279720,1999.751831,none,0.000000,0.000000
scene_a,-1,2.200,GROUND,NAVIGATE,0.8091,0.0000,0.1301,-0.0000,-0.0000,-0.0000,2.0000,0.0000,0.4500,0.0000,0.0000,0.00,0.050,0.967,0.967,0.065,0.032,0.958,0.065,0.0000,0.0000,0.0000,0.0000,ground_only,1.000,0.1575,0.3112,0.3112,0.0000,0.0000,0.0000,0.0000,0.8091,0.8091,0.0000,0,0,0,0,0.0901,0,ok,1979.7203,0,0,0,1999.7203,1.1909,0,0,ideal,legacy_task_distance_hover_proxy_v1,legacy_task_distance_hover_proxy_v1,GROUND,,,0.000000,0.000000,0.000000,0.000000,0.000000,0.000000,0.000000,0.000000,0.000000,0.000000,0.000000,0.000000,0.000000,0.000000,0.000000,0.000000,0.000000,0.000000,0.000000,0.000000,0.000000,0.000000,0.000000,0.000000,0.000000,0.000000,0.130116,0.450000,0.000000,0.000000,0.450000,1.568e-05,0.06,10,1,ideal,legacy_task_distance_hover_proxy_v1,0.000000,0.311220,1999.720337,none,0.000000,0.000000
scene_a,-1,2.400,GROUND,NAVIGATE,0.8991,0.0000,0.1282,0.0000,-0.0000,-0.0000,2.0000,0.0000,0.4500,0.0000,0.0000,0.00,0.050,0.967,0.967,0.065,0.032,0.958,0.065,0.0000,0.0000,0.0000,0.0000,ground_only,1.000,0.1575,0.3427,0.3427,0.0000,0.0000,0.0000,0.0000,0.8991,0.8991,0.0000,0,0,0,0,0.0818,0,ok,1979.6887,0,0,0,1999.6887,1.1009,0,0,ideal,legacy_task_distance_hover_proxy_v1,legacy_task_distance_hover_proxy_v1,GROUND,,,0.000000,0.000000,0.000000,0.000000,0.000000,0.000000,0.000000,0.000000,0.000000,0.000000,0.000000,0.000000,0.000000,0.000000,0.000000,0.000000,0.000000,0.000000,0.000000,0.000000,0.000000,0.000000,0.000000,0.000000,0.000000,0.000000,0.128156,0.450000,-0.000000,0.000000,0.450000,1.568e-05,0.06,10,1,ideal,legacy_task_distance_hover_proxy_v1,0.000000,0.342720,1999.688721,none,0.000000,0.000000
scene_a,-1,2.600,GROUND,NAVIGATE,0.9891,0.0000,0.1262,-0.0000,0.0000,0.0000,2.0000,0.0000,0.4500,-0.0000,-0.0000,0.00,0.050,0.967,0.967,0.065,0.032,0.958,0.065,0.0000,0.0000,0.0000,0.0000,ground_only,1.000,0.1575,0.3742,0.3742,0.0000,0.0000,0.0000,0.0000,0.9895,0.9895,0.0000,0,0,0,0,0.0749,0,ok,1979.6572,0,0,0,1999.6572,1.0109,0,0,ideal,legacy_task_distance_hover_proxy_v1,legacy_task_distance_hover_proxy_v1,GROUND,,,0.000000,0.000000,0.000000,0.000000,0.000000,0.000000,0.000000,0.000000,0.000000,0.000000,0.000000,0.000000,0.000000,0.000000,0.000000,0.000000,0.000000,0.000000,0.000000,0.000000,0.000000,0.000000,0.000000,0.000000,0.000000,0.000000,0.126196,0.450000,0.000000,0.000000,0.450000,1.568e-05,0.06,10,1,ideal,legacy_task_distance_hover_proxy_v1,0.000000,0.374220,1999.657227,none,0.000000,0.000000
scene_a,-1,2.800,GROUND,NAVIGATE,1.0791,0.0000,0.1242,-0.0000,-0.0000,0.0000,2.0000,0.0000,0.4500,-0.0000,-0.0000,0.00,0.050,0.967,0.967,0.065,0.032,0.958,0.065,0.0000,0.0000,0.0000,0.0000,ground_only,1.000,0.1575,0.4057,0.4057,0.0000,0.0000,0.0000,0.0000,1.0795,1.0795,0.0000,0,0,0,0,0.0691,0,ok,1979.6257,0,0,0,1999.6257,0.9209,0,0,ideal,legacy_task_distance_hover_proxy_v1,legacy_task_distance_hover_proxy_v1,GROUND,,,0.000000,0.000000,0.000000,0.000000,0.000000,0.000000,0.000000,0.000000,0.000000,0.000000,0.000000,0.000000,0.000000,0.000000,0.000000,0.000000,0.000000,0.000000,0.000000,0.000000,0.000000,0.000000,0.000000,0.000000,0.000000,0.000000,0.124236,0.450000,-0.000000,0.000000,0.450000,1.568e-05,0.06,10,1,ideal,legacy_task_distance_hover_proxy_v1,0.000000,0.405720,1999.625732,none,0.000000,0.000000
scene_a,-1,3.000,GROUND,NAVIGATE,1.1695,0.0000,0.1223,-0.0000,-0.0000,0.0000,2.0000,0.0000,0.4500,-0.0000,-0.0000,0.00,0.050,0.967,0.967,0.065,0.032,0.958,0.065,0.0000,0.0000,0.0000,0.0000,ground_only,1.000,0.1575,0.4372,0.4372,0.0000,0.0000,0.0000,0.0000,1.1695,1.1695,0.0000,0,0,0,0,0.0641,0,ok,1979.5942,0,0,0,1999.5942,0.8305,0,0,ideal,legacy_task_distance_hover_proxy_v1,legacy_task_distance_hover_proxy_v1,GROUND,,,0.000000,0.000000,0.000000,0.000000,0.000000,0.000000,0.000000,0.000000,0.000000,0.000000,0.000000,0.000000,0.000000,0.000000,0.000000,0.000000,0.000000,0.000000,0.000000,0.000000,0.000000,0.000000,0.000000,0.000000,0.000000,0.000000,0.122266,0.450000,-0.000000,0.000000,0.450000,1.568e-05,0.06,10,1,ideal,legacy_task_distance_hover_proxy_v1,0.000000,0.437220,1999.594238,none,0.000000,0.000000
scene_a,-1,3.200,GROUND,NAVIGATE,1.2591,0.0000,0.1203,-0.0000,0.0000,0.0000,2.0000,0.0000,0.4500,-0.0000,-0.0000,0.00,0.050,0.967,0.967,0.065,0.032,0.958,0.065,0.0000,0.0000,0.0000,0.0000,ground_only,1.000,0.1575,0.4687,0.4687,0.0000,0.0000,0.0000,0.0000,1.2591,1.2591,0.0000,0,0,0,0,0.0601,0,ok,1979.5627,0,0,0,1999.5627,0.7409,0,0,ideal,legacy_task_distance_hover_proxy_v1,legacy_task_distance_hover_proxy_v1,GROUND,,,0.000000,0.000000,0.000000,0.000000,0.000000,0.000000,0.000000,0.000000,0.000000,0.000000,0.000000,0.000000,0.000000,0.000000,0.000000,0.000000,0.000000,0.000000,0.000000,0.000000,0.000000,0.000000,0.000000,0.000000,0.000000,0.000000,0.120316,0.450000,-0.000000,0.000000,0.450000,1.568e-05,0.06,10,1,ideal,legacy_task_distance_hover_proxy_v1,0.000000,0.468720,1999.562744,none,0.000000,0.000000
scene_a,-1,3.400,GROUND,NAVIGATE,1.3491,0.0000,0.1184,-0.0000,0.0000,0.0000,2.0000,0.0000,0.4500,-0.0000,-0.0000,0.00,0.050,0.967,0.967,0.065,0.032,0.958,0.065,0.0000,0.0000,0.0000,0.0000,ground_only,1.000,0.1575,0.5002,0.5002,0.0000,0.0000,0.0000,0.0000,1.3491,1.3491,0.0000,0,0,0,0,0.0564,0,ok,1979.5312,0,0,0,1999.5312,0.6509,0,0,ideal,legacy_task_distance_hover_proxy_v1,legacy_task_distance_hover_proxy_v1,GROUND,,,0.000000,0.000000,0.000000,0.000000,0.000000,0.000000,0.000000,0.000000,0.000000,0.000000,0.000000,0.000000,0.000000,0.000000,0.000000,0.000000,0.000000,0.000000,0.000000,0.000000,0.000000,0.000000,0.000000,0.000000,0.000000,0.000000,0.118356,0.450000,-0.000000,0.000000,0.450000,1.568e-05,0.06,10,1,ideal,legacy_task_distance_hover_proxy_v1,0.000000,0.500220,1999.531250,none,0.000000,0.000000
scene_a,-1,3.600,GROUND,NAVIGATE,1.4359,0.0000,0.1164,-0.0000,0.0000,0.0000,2.0000,0.0000,0.4154,-0.0000,-0.0000,0.00,0.050,0.967,0.967,0.065,0.032,0.958,0.065,0.0000,0.0000,0.0000,0.0000,ground_only,1.000,0.1454,0.5293,0.5293,0.0000,0.0000,0.0000,0.0000,1.4359,1.4359,0.0000,0,0,0,0,0.0530,0,ok,1979.4998,0,0,0,1999.4998,0.5641,0,0,ideal,legacy_task_distance_hover_proxy_v1,legacy_task_distance_hover_proxy_v1,GROUND,,,0.000000,0.000000,0.000000,0.000000,0.000000,0.000000,0.000000,0.000000,0.000000,0.000000,0.000000,0.000000,0.000000,0.000000,0.000000,0.000000,0.000000,0.000000,0.000000,0.000000,0.000000,0.000000,0.000000,0.000000,0.000000,0.000000,0.116396,0.415419,-0.000000,0.000000,0.415419,1.568e-05,0.06,10,1,ideal,legacy_task_distance_hover_proxy_v1,0.000000,0.529299,1999.499756,none,0.000000,0.000000
scene_a,-1,3.800,GROUND,NAVIGATE,1.5114,0.0000,0.1144,-0.0000,0.0000,0.0000,2.0000,0.0000,0.3571,-0.0000,-0.0000,0.00,0.050,0.967,0.967,0.065,0.032,0.958,0.065,0.0000,0.0000,0.0000,0.0000,ground_only,1.000,0.1250,0.5543,0.5543,0.0000,0.0000,0.0000,0.0000,1.5117,1.5117,0.0000,0,0,0,0,0.0501,0,ok,1979.4707,0,0,0,1999.4707,0.4886,0,0,ideal,legacy_task_distance_hover_proxy_v1,legacy_task_distance_hover_proxy_v1,GROUND,,,0.000000,0.000000,0.000000,0.000000,0.000000,0.000000,0.000000,0.000000,0.000000,0.000000,0.000000,0.000000,0.000000,0.000000,0.000000,0.000000,0.000000,0.000000,0.000000,0.000000,0.000000,0.000000,0.000000,0.000000,0.000000,0.000000,0.114436,0.357126,-0.000000,0.000000,0.357126,1.568e-05,0.06,10,1,ideal,legacy_task_distance_hover_proxy_v1,0.000000,0.554298,1999.470703,none,0.000000,0.000000
scene_a,-1,4.000,GROUND,NAVIGATE,1.5768,0.0000,0.1125,-0.0000,0.0000,0.0000,2.0000,0.0000,0.3070,-0.0000,-0.0000,0.00,0.050,0.967,0.967,0.065,0.032,0.958,0.065,0.0000,0.0000,0.0000,0.0000,ground_only,1.000,0.1075,0.5758,0.5758,0.0000,0.0000,0.0000,0.0000,1.5771,1.5771,0.0000,0,0,0,0,0.0474,0,ok,1979.4457,0,0,0,1999.4457,0.4232,0,0,ideal,legacy_task_distance_hover_proxy_v1,legacy_task_distance_hover_proxy_v1,GROUND,,,0.000000,0.000000,0.000000,0.000000,0.000000,0.000000,0.000000,0.000000,0.000000,0.000000,0.000000,0.000000,0.000000,0.000000,0.000000,0.000000,0.000000,0.000000,0.000000,0.000000,0.000000,0.000000,0.000000,0.000000,0.000000,0.000000,0.112476,0.307023,-0.000000,0.000000,0.307023,1.568e-05,0.06,10,1,ideal,legacy_task_distance_hover_proxy_v1,0.000000,0.575790,1999.445679,none,0.000000,0.000000
scene_a,-1,4.200,GROUND,NAVIGATE,1.6533,0.0276,0.1105,-0.0001,0.0000,0.0590,5.0000,1.5000,0.4180,0.1666,0.6825,0.00,0.050,0.967,0.967,0.065,0.032,0.958,0.065,0.0000,0.0000,0.0000,0.0000,ground_only,1.000,0.1575,0.6073,0.6073,0.0000,0.0000,0.0000,0.0000,1.6593,1.6593,0.0000,0,0,0,0,0.0498,0,ok,1979.4242,0,0,0,1999.4242,3.6562,0,0,ideal,legacy_task_distance_hover_proxy_v1,legacy_task_distance_hover_proxy_v1,GROUND,,,0.000000,0.000000,0.000000,0.000000,0.000000,0.000000,0.000000,0.000000,0.000000,0.000000,0.000000,0.000000,0.000000,0.000000,0.000000,0.000000,0.000000,0.000000,0.000000,0.000000,0.000000,0.000000,0.000000,0.000000,0.000000,0.000000,0.110508,0.418718,0.163987,0.000000,0.449684,1.568e-05,0.06,10,1,ideal,legacy_task_distance_hover_proxy_v1,0.000000,0.607290,1999.424194,none,0.000000,0.000000
scene_a,-1,4.400,GROUND,NAVIGATE,1.7353,0.0647,0.1086,-0.0002,0.0001,0.1242,5.0000,1.5000,0.4308,0.1300,0.5274,0.00,0.050,0.967,0.967,0.065,0.032,0.958,0.065,0.0000,0.0000,0.0000,0.0000,ground_only,1.000,0.1575,0.6388,0.6388,0.0000,0.0000,0.0000,0.0000,1.7492,1.7492,0.0000,0,0,0,0,0.0475,0,ok,1979.3927,0,0,0,1999.3927,3.5663,0,0,ideal,legacy_task_distance_hover_proxy_v1,legacy_task_distance_hover_proxy_v1,GROUND,,,0.000000,0.000000,0.000000,0.000000,0.000000,0.000000,0.000000,0.000000,0.000000,0.000000,0.000000,0.000000,0.000000,0.000000,0.000000,0.000000,0.000000,0.000000,0.000000,0.000000,0.000000,0.000000,0.000000,0.000000,0.000000,0.000000,0.108550,0.429604,0.133269,0.000000,0.449800,1.568e-05,0.06,10,1,ideal,legacy_task_distance_hover_proxy_v1,0.000000,0.638790,1999.392700,none,0.000000,0.000000
scene_a,-1,4.600,GROUND,NAVIGATE,1.8169,0.1014,0.1066,-0.0003,0.0001,0.1751,5.0000,1.5000,0.4356,0.1129,0.4565,0.00,0.050,0.967,0.967,0.065,0.032,0.958,0.065,0.0000,0.0000,0.0000,0.0000,ground_only,1.000,0.1575,0.6703,0.6703,0.0000,0.0000,0.0000,0.0000,1.8392,1.8392,0.0000,0,0,0,0,0.0456,0,ok,1979.3612,0,0,0,1999.3612,3.4768,0,0,ideal,legacy_task_distance_hover_proxy_v1,legacy_task_distance_hover_proxy_v1,GROUND,,,0.000000,0.000000,0.000000,0.000000,0.000000,0.000000,0.000000,0.000000,0.000000,0.000000,0.000000,0.000000,0.000000,0.000000,0.000000,0.000000,0.000000,0.000000,0.000000,0.000000,0.000000,0.000000,0.000000,0.000000,0.000000,0.000000,0.106600,0.435890,0.111269,0.000000,0.449867,1.568e-05,0.06,10,1,ideal,legacy_task_distance_hover_proxy_v1,0.000000,0.670290,1999.361206,none,0.000000,0.000000
scene_a,-1,4.800,GROUND,NAVIGATE,1.8995,0.1382,0.1046,-0.0003,0.0002,0.2156,5.0000,1.5000,0.4403,0.0930,0.3746,0.00,0.050,0.967,0.967,0.065,0.032,0.958,0.065,0.0000,0.0000,0.0000,0.0000,ground_only,1.000,0.1575,0.7018,0.7018,0.0000,0.0000,0.0000,0.0000,1.9292,1.9292,0.0000,0,0,0,0,0.0436,0,ok,1979.3297,0,0,0,1999.3297,3.3864,0,0,ideal,legacy_task_distance_hover_proxy_v1,legacy_task_distance_hover_proxy_v1,GROUND,,,0.000000,0.000000,0.000000,0.000000,0.000000,0.000000,0.000000,0.000000,0.000000,0.000000,0.000000,0.000000,0.000000,0.000000,0.000000,0.000000,0.000000,0.000000,0.000000,0.000000,0.000000,0.000000,0.000000,0.000000,0.000000,0.000000,0.104630,0.440476,0.091668,0.000000,0.449914,1.568e-05,0.06,10,1,ideal,legacy_task_distance_hover_proxy_v1,0.000000,0.701790,1999.329712,none,0.000000,0.000000
scene_a,-1,5.000,GROUND,NAVIGATE,1.9813,0.1747,0.1027,-0.0004,0.0002,0.2478,5.0000,1.5000,0.4431,0.0785,0.3158,0.00,0.050,0.967,0.967,0.065,0.032,0.958,0.065,0.0000,0.0000,0.0000,0.0000,ground_only,1.000,0.1575,0.7333,0.7333,0.0000,0.0000,0.0000,0.0000,2.0192,2.0192,0.0000,0,0,0,0,0.0420,0,ok,1979.2982,0,0,0,1999.2982,3.2968,0,0,ideal,legacy_task_distance_hover_proxy_v1,legacy_task_distance_hover_proxy_v1,GROUND,,,0.000000,0.000000,0.000000,0.000000,0.000000,0.000000,0.000000,0.000000,0.000000,0.000000,0.000000,0.000000,0.000000,0.000000,0.000000,0.000000,0.000000,0.000000,0.000000,0.000000,0.000000,0.000000,0.000000,0.000000,0.000000,0.000000,0.102680,0.443219,0.077483,0.000000,0.449941,1.568e-05,0.06,10,1,ideal,legacy_task_distance_hover_proxy_v1,0.000000,0.733290,1999.298218,none,0.000000,0.000000
scene_a,-1,5.200,GROUND,NAVIGATE,2.0636,0.2112,0.1007,-0.0004,0.0002,0.2740,5.0000,1.5000,0.4452,0.0655,0.2629,0.00,0.050,0.967,0.967,0.065,0.032,0.958,0.065,0.0000,0.0000,0.0000,0.0000,ground_only,1.000,0.1575,0.7648,0.7648,0.0000,0.0000,0.0000,0.0000,2.1092,2.1092,0.0000,0,0,0,0,0.0403,0,ok,1979.2667,0,0,0,1999.2667,3.2068,0,0,ideal,legacy_task_distance_hover_proxy_v1,legacy_task_distance_hover_proxy_v1,GROUND,,,0.000000,0.000000,0.000000,0.000000,0.000000,0.000000,0.000000,0.000000,0.000000,0.000000,0.000000,0.000000,0.000000,0.000000,0.000000,0.000000,0.000000,0.000000,0.000000,0.000000,0.000000,0.000000,0.000000,0.000000,0.000000,0.000000,0.100720,0.445293,0.064636,0.000000,0.449960,1.568e-05,0.06,10,1,ideal,legacy_task_distance_hover_proxy_v1,0.000000,0.764790,1999.266724,none,0.000000,0.000000
scene_a,-1,5.400,GROUND,NAVIGATE,2.1462,0.2478,0.0987,-0.0005,0.0003,0.2956,5.0000,1.5000,0.4465,0.0559,0.2240,0.00,0.050,0.967,0.967,0.065,0.032,0.958,0.065,0.0000,0.0000,0.0000,0.0000,ground_only,1.000,0.1575,0.7963,0.7963,0.0000,0.0000,0.0000,0.0000,2.1992,2.1992,0.0000,0,0,0,0,0.0387,0,ok,1979.2352,0,0,0,1999.2352,3.1164,0,0,ideal,legacy_task_distance_hover_proxy_v1,legacy_task_distance_hover_proxy_v1,GROUND,,,0.000000,0.000000,0.000000,0.000000,0.000000,0.000000,0.000000,0.000000,0.000000,0.000000,0.000000,0.000000,0.000000,0.000000,0.000000,0.000000,0.000000,0.000000,0.000000,0.000000,0.000000,0.000000,0.000000,0.000000,0.000000,0.000000,0.098749,0.446579,0.055153,0.000000,0.449972,1.568e-05,0.06,10,1,ideal,legacy_task_distance_hover_proxy_v1,0.000000,0.796290,1999.235229,none,0.000000,0.000000
scene_a,-1,5.600,GROUND,NAVIGATE,2.2281,0.2840,0.0968,-0.0005,0.0003,0.3133,5.0000,1.5000,0.4475,0.0470,0.1883,0.00,0.050,0.967,0.967,0.065,0.032,0.958,0.065,0.0000,0.0000,0.0000,0.0000,ground_only,1.000,0.1575,0.8278,0.8278,0.0000,0.0000,0.0000,0.0000,2.2887,2.2887,0.0000,0,0,0,0,0.0375,0,ok,1979.2037,0,0,0,1999.2037,3.0268,0,0,ideal,legacy_task_distance_hover_proxy_v1,legacy_task_distance_hover_proxy_v1,GROUND,,,0.000000,0.000000,0.000000,0.000000,0.000000,0.000000,0.000000,0.000000,0.000000,0.000000,0.000000,0.000000,0.000000,0.000000,0.000000,0.000000,0.000000,0.000000,0.000000,0.000000,0.000000,0.000000,0.000000,0.000000,0.000000,0.000000,0.096799,0.447580,0.046415,0.000000,0.449980,1.568e-05,0.06,10,1,ideal,legacy_task_distance_hover_proxy_v1,0.000000,0.827790,1999.203735,none,0.000000,0.000000
scene_a,-1,5.800,GROUND,NAVIGATE,2.3109,0.3206,0.0948,-0.0005,0.0003,0.3282,5.0000,1.5000,0.4482,0.0404,0.1616,0.00,0.050,0.967,0.967,0.065,0.032,0.958,0.065,0.0000,0.0000,0.0000,0.0000,ground_only,1.000,0.1575,0.8593,0.8593,0.0000,0.0000,0.0000,0.0000,2.3791,2.3791,0.0000,0,0,0,0,0.0361,0,ok,1979.1722,0,0,0,1999.1722,2.9364,0,0,ideal,legacy_task_distance_hover_proxy_v1,legacy_task_distance_hover_proxy_v1,GROUND,,,0.000000,0.000000,0.000000,0.000000,0.000000,0.000000,0.000000,0.000000,0.000000,0.000000,0.000000,0.000000,0.000000,0.000000,0.000000,0.000000,0.000000,0.000000,0.000000,0.000000,0.000000,0.000000,0.000000,0.000000,0.000000,0.000000,0.094829,0.448217,0.039861,0.000000,0.449986,1.568e-05,0.06,10,1,ideal,legacy_task_distance_hover_proxy_v1,0.000000,0.859290,1999.172241,none,0.000000,0.000000
scene_a,-1,6.000,GROUND,NAVIGATE,2.3928,0.3567,0.0929,-0.0005,0.0003,0.3405,5.0000,1.5000,0.4487,0.0342,0.1368,0.00,0.050,0.967,0.967,0.065,0.032,0.958,0.065,0.0000,0.0000,0.0000,0.0000,ground_only,1.000,0.1575,0.8908,0.8908,0.0000,0.0000,0.0000,0.0000,2.4687,2.4687,0.0000,0,0,0,0,0.0350,0,ok,1979.1407,0,0,0,1999.1407,2.8469,0,0,ideal,legacy_task_distance_hover_proxy_v1,legacy_task_distance_hover_proxy_v1,GROUND,,,0.000000,0.000000,0.000000,0.000000,0.000000,0.000000,0.000000,0.000000,0.000000,0.000000,0.000000,0.000000,0.000000,0.000000,0.000000,0.000000,0.000000,0.000000,0.000000,0.000000,0.000000,0.000000,0.000000,0.000000,0.000000,0.000000,0.092878,0.448723,0.033743,0.000000,0.449990,1.568e-05,0.06,10,1,ideal,legacy_task_distance_hover_proxy_v1,0.000000,0.890790,1999.140747,none,0.000000,0.000000
scene_a,-1,6.200,GROUND,NAVIGATE,2.4752,0.3930,0.0909,-0.0006,0.0004,0.3510,5.0000,1.5000,0.4491,0.0281,0.1123,0.00,0.050,0.967,0.967,0.065,0.032,0.958,0.065,0.0000,0.0000,0.0000,0.0000,ground_only,1.000,0.1575,0.9223,0.9223,0.0000,0.0000,0.0000,0.0000,2.5591,2.5591,0.0000,0,0,0,0,0.0339,0,ok,1979.1093,0,0,0,1999.1093,2.7569,0,0,ideal,legacy_task_distance_hover_proxy_v1,legacy_task_distance_hover_proxy_v1,GROUND,,,0.000000,0.000000,0.000000,0.000000,0.000000,0.000000,0.000000,0.000000,0.000000,0.000000,0.000000,0.000000,0.000000,0.000000,0.000000,0.000000,0.000000,0.000000,0.000000,0.000000,0.000000,0.000000,0.000000,0.000000,0.000000,0.000000,0.090918,0.449049,0.029128,0.000000,0.449992,1.568e-05,0.06,10,1,ideal,legacy_task_distance_hover_proxy_v1,0.000000,0.922290,1999.109253,none,0.000000,0.000000
scene_a,-1,6.400,GROUND,NAVIGATE,2.5575,0.4292,0.0890,-0.0006,0.0004,0.3598,5.0000,1.5000,0.4493,0.0251,0.1003,0.00,0.050,0.967,0.967,0.065,0.032,0.958,0.065,0.0000,0.0000,0.0000,0.0000,ground_only,1.000,0.1575,0.9538,0.9538,0.0000,0.0000,0.0000,0.0000,2.6487,2.6487,0.0000,0,0,0,0,0.0328,0,ok,1979.0778,0,0,0,1999.0778,2.6669,0,0,ideal,legacy_task_distance_hover_proxy_v1,legacy_task_distance_hover_proxy_v1,GROUND,,,0.000000,0.000000,0.000000,0.000000,0.000000,0.000000,0.000000,0.000000,0.000000,0.000000,0.000000,0.000000,0.000000,0.000000,0.000000,0.000000,0.000000,0.000000,0.000000,0.000000,0.000000,0.000000,0.000000,0.000000,0.000000,0.000000,0.088958,0.449313,0.024758,0.000000,0.449995,1.568e-05,0.06,10,1,ideal,legacy_task_distance_hover_proxy_v1,0.000000,0.953790,1999.077759,none,0.000000,0.000000
scene_a,-1,6.600,GROUND,NAVIGATE,2.6399,0.4655,0.0870,-0.0006,0.0004,0.3673,5.0000,1.5000,0.4495,0.0217,0.0868,0.00,0.050,0.967,0.967,0.065,0.032,0.958,0.065,0.0000,0.0000,0.0000,0.0000,ground_only,1.000,0.1575,0.9853,0.9853,0.0000,0.0000,0.0000,0.0000,2.7387,2.7387,0.0000,0,0,0,0,0.0317,0,ok,1979.0463,0,0,0,1999.0463,2.5769,0,0,ideal,legacy_task_distance_hover_proxy_v1,legacy_task_distance_hover_proxy_v1,GROUND,,,0.000000,0.000000,0.000000,0.000000,0.000000,0.000000,0.000000,0.000000,0.000000,0.000000,0.000000,0.000000,0.000000,0.000000,0.000000,0.000000,0.000000,0.000000,0.000000,0.000000,0.000000,0.000000,0.000000,0.000000,0.000000,0.000000,0.086998,0.449485,0.021435,0.000000,0.449996,1.568e-05,0.06,10,1,ideal,legacy_task_distance_hover_proxy_v1,0.000000,0.985290,1999.046265,none,0.000000,0.000000
scene_a,-1,6.800,GROUND,NAVIGATE,2.7223,0.5017,0.0850,-0.0006,0.0004,0.3737,5.0000,1.5000,0.4496,0.0185,0.0740,0.00,0.050,0.967,0.967,0.065,0.032,0.958,0.065,0.0000,0.0000,0.0000,0.0000,ground_only,0.999,0.1575,1.0168,1.0168,0.0000,0.0000,0.0000,0.0000,2.8287,2.8287,0.0000,0,0,0,0,0.0308,0,ok,1979.0148,0,0,0,1999.0148,2.4869,0,0,ideal,legacy_task_distance_hover_proxy_v1,legacy_task_distance_hover_proxy_v1,GROUND,,,0.000000,0.000000,0.000000,0.000000,0.000000,0.000000,0.000000,0.000000,0.000000,0.000000,0.000000,0.000000,0.000000,0.000000,0.000000,0.000000,0.000000,0.000000,0.000000,0.000000,0.000000,0.000000,0.000000,0.000000,0.000000,0.000000,0.085038,0.449626,0.018282,0.000000,0.449997,1.568e-05,0.06,10,1,ideal,legacy_task_distance_hover_proxy_v1,0.000000,1.016790,1999.014771,none,0.000000,0.000000
scene_a,-1,7.000,GROUND,NAVIGATE,2.8047,0.5379,0.0831,-0.0006,0.0004,0.3792,5.0000,1.5000,0.4497,0.0153,0.0612,0.00,0.050,0.967,0.967,0.065,0.032,0.958,0.065,0.0000,0.0000,0.0000,0.0000,ground_only,0.999,0.1575,1.0483,1.0483,0.0000,0.0000,0.0000,0.0000,2.9187,2.9187,0.0000,0,0,0,0,0.0299,0,ok,1978.9832,0,0,0,1998.9832,2.3969,0,0,ideal,legacy_task_distance_hover_proxy_v1,legacy_task_distance_hover_proxy_v1,GROUND,,,0.000000,0.000000,0.000000,0.000000,0.000000,0.000000,0.000000,0.000000,0.000000,0.000000,0.000000,0.000000,0.000000,0.000000,0.000000,0.000000,0.000000,0.000000,0.000000,0.000000,0.000000,0.000000,0.000000,0.000000,0.000000,0.000000,0.083077,0.449718,0.015862,0.000000,0.449998,1.568e-05,0.06,10,1,ideal,legacy_task_distance_hover_proxy_v1,0.000000,1.048290,1998.983154,none,0.000000,0.000000
scene_a,-1,7.200,GROUND,NAVIGATE,2.8871,0.5741,0.0811,-0.0006,0.0004,0.3838,5.0000,1.5000,0.4498,0.0137,0.0549,0.00,0.050,0.967,0.967,0.065,0.032,0.958,0.065,0.0000,0.0000,0.0000,0.0000,ground_only,0.999,0.1575,1.0798,1.0798,0.0000,0.0000,0.0000,0.0000,3.0087,3.0087,0.0000,0,0,0,0,0.0290,0,ok,1978.9517,0,0,0,1998.9517,2.3069,0,0,ideal,legacy_task_distance_hover_proxy_v1,legacy_task_distance_hover_proxy_v1,GROUND,,,0.000000,0.000000,0.000000,0.000000,0.000000,0.000000,0.000000,0.000000,0.000000,0.000000,0.000000,0.000000,0.000000,0.000000,0.000000,0.000000,0.000000,0.000000,0.000000,0.000000,0.000000,0.000000,0.000000,0.000000,0.000000,0.000000,0.081117,0.449794,0.013554,0.000000,0.449998,1.568e-05,0.06,10,1,ideal,legacy_task_distance_hover_proxy_v1,0.000000,1.079790,1998.951660,none,0.000000,0.000000
scene_a,-1,7.400,GROUND,NAVIGATE,2.9695,0.6102,0.0792,-0.0006,0.0004,0.3879,5.0000,1.5000,0.4498,0.0119,0.0477,0.00,0.050,0.967,0.967,0.065,0.032,0.958,0.065,0.0000,0.0000,0.0000,0.0000,ground_only,0.999,0.1575,1.1113,1.1113,0.0000,0.0000,0.0000,0.0000,3.0987,3.0987,0.0000,0,0,0,0,0.0282,0,ok,1978.9202,0,0,0,1998.9202,2.2169,0,0,ideal,legacy_task_distance_hover_proxy_v1,legacy_task_distance_hover_proxy_v1,GROUND,,,0.000000,0.000000,0.000000,0.000000,0.000000,0.000000,0.000000,0.000000,0.000000,0.000000,0.000000,0.000000,0.000000,0.000000,0.000000,0.000000,0.000000,0.000000,0.000000,0.000000,0.000000,0.000000,0.000000,0.000000,0.000000,0.000000,0.079157,0.449845,0.011777,0.000000,0.449999,1.568e-05,0.06,10,1,ideal,legacy_task_distance_hover_proxy_v1,0.000000,1.111290,1998.920166,none,0.000000,0.000000
scene_a,-1,7.600,GROUND,NAVIGATE,3.0520,0.6464,0.0772,-0.0006,0.0004,0.3913,5.0000,1.5000,0.4499,0.0102,0.0408,0.00,0.050,0.967,0.967,0.065,0.032,0.958,0.065,0.0000,0.0000,0.0000,0.0000,ground_only,0.999,0.1575,1.1428,1.1428,0.0000,0.0000,0.0000,0.0000,3.1887,3.1887,0.0000,0,0,0,0,0.0274,0,ok,1978.8887,0,0,0,1998.8887,2.1269,0,0,ideal,legacy_task_distance_hover_proxy_v1,legacy_task_distance_hover_proxy_v1,GROUND,,,0.000000,0.000000,0.000000,0.000000,0.000000,0.000000,0.000000,0.000000,0.000000,0.000000,0.000000,0.000000,0.000000,0.000000,0.000000,0.000000,0.000000,0.000000,0.000000,0.000000,0.000000,0.000000,0.000000,0.000000,0.000000,0.000000,0.077197,0.449886,0.010076,0.000000,0.449999,1.568e-05,0.06,10,1,ideal,legacy_task_distance_hover_proxy_v1,0.000000,1.142790,1998.888672,none,0.000000,0.000000
scene_a,-1,7.800,GROUND,NAVIGATE,3.1344,0.6826,0.0752,-0.0006,0.0004,0.3943,5.0000,1.5000,0.4499,0.0089,0.0355,0.00,0.050,0.967,0.967,0.065,0.032,0.958,0.065,0.0000,0.0000,0.0000,0.0000,ground_only,0.999,0.1575,1.1743,1.1743,0.0000,0.0000,0.0000,0.0000,3.2787,3.2787,0.0000,0,0,0,0,0.0267,0,ok,1978.8572,0,0,0,1998.8572,2.0369,0,0,ideal,legacy_task_distance_hover_proxy_v1,legacy_task_distance_hover_proxy_v1,GROUND,,,0.000000,0.000000,0.000000,0.000000,0.000000,0.000000,0.000000,0.000000,0.000000,0.000000,0.000000,0.000000,0.000000,0.000000,0.000000,0.000000,0.000000,0.000000,0.000000,0.000000,0.000000,0.000000,0.000000,0.000000,0.000000,0.000000,0.075237,0.449914,0.008763,0.000000,0.449999,1.568e-05,0.06,10,1,ideal,legacy_task_distance_hover_proxy_v1,0.000000,1.174290,1998.857178,none,0.000000,0.000000
scene_a,-1,8.000,GROUND,NAVIGATE,3.2168,0.7187,0.0733,-0.0006,0.0004,0.3968,5.0000,1.5000,0.4499,0.0076,0.0304,0.00,0.050,0.967,0.967,0.065,0.032,0.958,0.065,0.0000,0.0000,0.0000,0.0000,ground_only,0.999,0.1575,1.2058,1.2058,0.0000,0.0000,0.0000,0.0000,3.3687,3.3687,0.0000,0,0,0,0,0.0260,0,ok,1978.8257,0,0,0,1998.8257,1.9469,0,0,ideal,legacy_task_distance_hover_proxy_v1,legacy_task_distance_hover_proxy_v1,GROUND,,,0.000000,0.000000,0.000000,0.000000,0.000000,0.000000,0.000000,0.000000,0.000000,0.000000,0.000000,0.000000,0.000000,0.000000,0.000000,0.000000,0.000000,0.000000,0.000000,0.000000,0.000000,0.000000,0.000000,0.000000,0.000000,0.000000,0.073277,0.449937,0.007504,0.000000,0.449999,1.568e-05,0.06,10,1,ideal,legacy_task_distance_hover_proxy_v1,0.000000,1.205790,1998.825684,none,0.000000,0.000000
scene_a,-1,8.200,GROUND,NAVIGATE,3.2992,0.7549,0.0713,-0.0006,0.0004,0.3990,5.0000,1.5000,0.4500,0.0065,0.0260,35.00,0.050,0.618,0.618,0.265,0.382,0.898,0.515,0.0000,0.0000,0.0000,0.0000,ground_only,0.999,0.1575,1.2373,1.2373,0.0000,0.0000,0.0000,0.0000,3.4587,3.4587,0.0000,0,0,0,0,0.0254,0,ok,1978.7942,0,0,0,1998.7942,1.8569,0,0,ideal,legacy_task_distance_hover_proxy_v1,legacy_task_distance_hover_proxy_v1,GROUND,,,0.000000,0.000000,0.000000,0.000000,0.000000,0.000000,0.000000,0.000000,0.000000,0.000000,0.000000,0.000000,0.000000,0.000000,0.000000,0.000000,0.000000,0.000000,0.000000,0.000000,0.000000,0.000000,0.000000,0.000000,0.000000,0.000000,0.071317,0.449954,0.006429,0.000000,0.450000,1.568e-05,0.06,10,1,ideal,legacy_task_distance_hover_proxy_v1,0.000000,1.237290,1998.794189,none,0.000000,0.000000
scene_a,-1,8.400,GROUND,NAVIGATE,3.3816,0.7910,0.0694,-0.0006,0.0004,0.4009,5.0000,1.5000,0.4500,0.0057,0.0227,35.00,0.050,0.618,0.618,0.265,0.382,0.898,0.515,0.0000,0.0000,0.0000,0.0000,ground_only,0.999,0.1575,1.2688,1.2688,0.0000,0.0000,0.0000,0.0000,3.5487,3.5487,0.0000,0,0,0,0,0.0248,0,ok,1978.7627,0,0,0,1998.7627,1.7669,0,0,ideal,legacy_task_distance_hover_proxy_v1,legacy_task_distance_hover_proxy_v1,GROUND,,,0.000000,0.000000,0.000000,0.000000,0.000000,0.000000,0.000000,0.000000,0.000000,0.000000,0.000000,0.000000,0.000000,0.000000,0.000000,0.000000,0.000000,0.000000,0.000000,0.000000,0.000000,0.000000,0.000000,0.000000,0.000000,0.000000,0.069357,0.449965,0.005600,0.000000,0.450000,1.568e-05,0.06,10,1,ideal,legacy_task_distance_hover_proxy_v1,0.000000,1.268790,1998.762695,none,0.000000,0.000000
scene_a,-1,8.600,GROUND,NAVIGATE,3.4641,0.8271,0.0674,-0.0006,0.0004,0.4025,5.0000,1.5000,0.4500,0.0049,0.0194,35.00,0.050,0.618,0.618,0.265,0.382,0.898,0.515,0.0000,0.0000,0.0000,0.0000,ground_only,0.999,0.1575,1.3003,1.3003,0.0000,0.0000,0.0000,0.0000,3.6387,3.6387,0.0000,0,0,0,0,0.0242,0,ok,1978.7312,0,0,0,1998.7312,1.6769,0,0,ideal,legacy_task_distance_hover_proxy_v1,legacy_task_distance_hover_proxy_v1,GROUND,,,0.000000,0.000000,0.000000,0.000000,0.000000,0.000000,0.000000,0.000000,0.000000,0.000000,0.000000,0.000000,0.000000,0.000000,0.000000,0.000000,0.000000,0.000000,0.000000,0.000000,0.000000,0.000000,0.000000,0.000000,0.000000,0.000000,0.067397,0.449974,0.004799,0.000000,0.450000,1.568e-05,0.06,10,1,ideal,legacy_task_distance_hover_proxy_v1,0.000000,1.300290,1998.731201,none,0.000000,0.000000
scene_a,-1,8.800,GROUND,NAVIGATE,3.5465,0.8633,0.0654,-0.0006,0.0004,0.4039,5.0000,1.5000,0.4500,0.0042,0.0169,35.00,0.050,0.618,0.618,0.265,0.382,0.898,0.515,0.0000,0.0000,0.0000,0.0000,ground_only,0.999,0.1575,1.3318,1.3318,0.0000,0.0000,0.0000,0.0000,3.7287,3.7287,0.0000,0,0,0,0,0.0236,0,ok,1978.6997,0,0,0,1998.6997,1.5869,0,0,ideal,legacy_task_distance_hover_proxy_v1,legacy_task_distance_hover_proxy_v1,GROUND,,,0.000000,0.000000,0.000000,0.000000,0.000000,0.000000,0.000000,0.000000,0.000000,0.000000,0.000000,0.000000,0.000000,0.000000,0.000000,0.000000,0.000000,0.000000,0.000000,0.000000,0.000000,0.000000,0.000000,0.000000,0.000000,0.000000,0.065437,0.449980,0.004182,0.000000,0.450000,1.568e-05,0.06,10,1,ideal,legacy_task_distance_hover_proxy_v1,0.000000,1.331790,1998.699707,none,0.000000,0.000000
scene_a,-1,9.000,GROUND,NAVIGATE,3.6296,0.8992,0.0633,0.0016,-0.0026,0.4242,5.0000,1.5000,0.4500,0.0036,0.0145,35.00,0.050,0.618,0.618,0.265,0.382,0.898,0.515,0.0000,0.0000,0.0000,0.0000,ground_only,0.999,0.1575,1.3633,1.3633,0.0000,0.0000,0.0000,0.0000,3.8193,3.8193,0.0000,0,0,0,0,0.0231,0,ok,1978.6682,0,0,0,1998.6682,1.4963,0,0,ideal,legacy_task_distance_hover_proxy_v1,legacy_task_distance_hover_proxy_v1,GROUND,,,0.000000,0.000000,0.000000,0.000000,0.000000,0.000000,0.000000,0.000000,0.000000,0.000000,0.000000,0.000000,0.000000,0.000000,0.000000,0.000000,0.000000,0.000000,0.000000,0.000000,0.000000,0.000000,0.000000,0.000000,0.000000,0.000000,0.063345,0.453535,-0.015428,0.000000,0.453797,1.568e-05,0.06,10,1,ideal,legacy_task_distance_hover_proxy_v1,0.000000,1.363290,1998.668213,none,0.000000,0.000000
scene_a,-1,9.200,GROUND,NAVIGATE,3.7110,0.9350,0.0609,0.0054,-0.0086,0.4956,5.0000,1.5000,0.4490,-0.0299,-0.1196,35.00,0.050,0.618,0.618,0.265,0.382,0.898,0.515,0.0000,0.0000,0.0000,0.0000,ground_only,0.999,0.1575,1.3948,1.3948,0.0000,0.0000,0.0000,0.0000,3.9082,3.9082,0.0000,0,0,0,0,0.0228,0,ok,1978.6367,0,0,0,1998.6367,1.4074,0,0,ideal,legacy_task_distance_hover_proxy_v1,legacy_task_distance_hover_proxy_v1,GROUND,,,0.000000,0.000000,0.000000,0.000000,0.000000,0.000000,0.000000,0.000000,0.000000,0.000000,0.000000,0.000000,0.000000,0.000000,0.000000,0.000000,0.000000,0.000000,0.000000,0.000000,0.000000,0.000000,0.000000,0.000000,0.000000,0.000000,0.060922,0.446802,-0.029408,0.000000,0.447769,1.568e-05,0.06,10,1,ideal,legacy_task_distance_hover_proxy_v1,0.000000,1.394790,1998.636719,none,0.000000,0.000000
scene_a,-1,9.400,GROUND,NAVIGATE,3.7836,0.9470,0.0537,-0.0878,0.1266,0.9463,5.0000,1.5000,0.4167,-0.1698,-0.6966,35.00,0.050,0.618,0.618,0.265,0.382,0.898,0.515,0.0000,0.0000,0.0000,0.0000,ground_only,0.999,0.1575,1.4263,1.4263,0.0000,0.0000,0.0000,0.0000,3.9827,3.9827,0.0000,0,0,0,0,0.0263,0,ok,1978.6052,0,0,0,1998.6052,1.3362,0,0,ideal,legacy_task_distance_hover_proxy_v1,legacy_task_distance_hover_proxy_v1,GROUND,,,0.000000,0.000000,0.000000,0.000000,0.000000,0.000000,0.000000,0.000000,0.000000,0.000000,0.000000,0.000000,0.000000,0.000000,0.000000,0.000000,0.000000,0.000000,0.000000,0.000000,0.000000,0.000000,0.000000,0.000000,0.000000,0.000000,0.053666,0.244458,-0.236762,0.000000,0.340317,1.568e-05,0.06,10,1,ideal,legacy_task_distance_hover_proxy_v1,0.000000,1.426290,1998.605225,none,0.000000,0.000000
scene_a,-1,9.600,GROUND,NAVIGATE,3.8441,0.9703,0.0451,-0.0105,0.0000,1.5433,5.0000,1.5000,0.2722,-0.3583,-1.2000,35.00,0.050,0.618,0.618,0.265,0.382,0.898,0.515,0.0000,0.0000,0.0000,0.0000,ground_only,0.999,0.1575,1.4578,1.4578,0.0000,0.0000,0.0000,0.0000,4.0483,4.0483,0.0000,0,0,0,0,0.0317,0,ok,1978.5737,0,0,0,1998.5737,1.2715,0,0,ideal,legacy_task_distance_hover_proxy_v1,legacy_task_distance_hover_proxy_v1,GROUND,,,0.000000,0.000000,0.000000,0.000000,0.000000,0.000000,0.000000,0.000000,0.000000,0.000000,0.000000,0.000000,0.000000,0.000000,0.000000,0.000000,0.000000,0.000000,0.000000,0.000000,0.000000,0.000000,0.000000,0.000000,0.000000,0.000000,0.045067,0.196100,-0.333846,0.000000,0.387179,1.568e-05,0.06,10,1,ideal,legacy_task_distance_hover_proxy_v1,0.000000,1.457790,1998.573730,none,0.000000,0.000000
scene_a,-1,9.800,GROUND,NAVIGATE,3.8739,0.9709,0.0442,0.0117,-0.0242,1.6450,5.0000,1.5000,0.1592,-0.4209,-1.2000,35.00,0.050,0.618,0.618,0.265,0.382,0.898,0.515,0.0000,0.0000,0.0000,0.0000,ground_only,0.999,0.1575,1.4893,1.4893,0.0000,0.0000,0.0000,0.0000,4.0804,4.0804,0.0000,0,0,0,0,0.0450,0,ok,1978.5422,0,0,0,1998.5422,1.2442,0,0,ideal,legacy_task_distance_hover_proxy_v1,legacy_task_distance_hover_proxy_v1,GROUND,,,0.000000,0.000000,0.000000,0.000000,0.000000,0.000000,0.000000,0.000000,0.000000,0.000000,0.000000,0.000000,0.000000,0.000000,0.000000,0.000000,0.000000,0.000000,0.000000,0.000000,0.000000,0.000000,0.000000,0.000000,0.000000,0.000000,0.044185,-0.014334,-0.092468,0.000000,0.093572,1.568e-05,0.06,10,1,ideal,legacy_task_distance_hover_proxy_v1,0.000000,1.489290,1998.542236,none,0.000000,0.000000
scene_a,-1,10.000,GROUND,NAVIGATE,3.8964,0.9708,0.0446,0.0084,-0.0189,1.6400,5.0000,1.5000,0.1669,-0.4179,-1.2000,35.00,0.050,0.618,0.618,0.265,0.382,0.898,0.515,0.0000,0.0000,0.0000,0.0000,ground_only,0.999,0.1575,1.5208,1.5208,0.0000,0.0000,0.0000,0.0000,4.1037,4.1037,0.0000,0,0,0,0,0.0594,0,ok,1978.5107,0,0,0,1998.5107,1.2239,0,0,ideal,legacy_task_distance_hover_proxy_v1,legacy_task_distance_hover_proxy_v1,GROUND,,,0.000000,0.000000,0.000000,0.000000,0.000000,0.000000,0.000000,0.000000,0.000000,0.000000,0.000000,0.000000,0.000000,0.000000,0.000000,0.000000,0.000000,0.000000,0.000000,0.000000,0.000000,0.000000,0.000000,0.000000,0.000000,0.000000,0.044559,-0.026690,-0.082843,0.000000,0.087037,1.568e-05,0.06,10,1,ideal,legacy_task_distance_hover_proxy_v1,0.000000,1.520790,1998.510742,none,0.000000,0.000000
scene_a,-1,10.200,GROUND,NAVIGATE,3.9213,0.9719,0.0440,0.0044,-0.0248,1.6261,5.0000,1.5000,0.1735,-0.4152,-1.2000,35.00,0.050,0.618,0.618,0.265,0.382,0.898,0.515,0.0000,0.0000,0.0000,0.0000,ground_only,0.999,0.1575,1.5523,1.5523,0.0000,0.0000,0.0000,0.0000,4.1299,4.1299,0.0000,0,0,0,0,0.0727,0,ok,1978.4792,0,0,0,1998.4792,1.2010,0,0,ideal,legacy_task_distance_hover_proxy_v1,legacy_task_distance_hover_proxy_v1,GROUND,,,0.000000,0.000000,0.000000,0.000000,0.000000,0.000000,0.000000,0.000000,0.000000,0.000000,0.000000,0.000000,0.000000,0.000000,0.000000,0.000000,0.000000,0.000000,0.000000,0.000000,0.000000,0.000000,0.000000,0.000000,0.000000,0.000000,0.044046,-0.017786,-0.089162,0.000000,0.090919,1.568e-05,0.06,10,1,ideal,legacy_task_distance_hover_proxy_v1,0.000000,1.552290,1998.479248,none,0.000000,0.000000
scene_a,-1,10.400,GROUND,NAVIGATE,3.9449,0.9723,0.0444,0.0054,-0.0253,1.6185,5.0000,1.5000,0.1798,-0.4125,-1.2000,35.00,0.050,0.618,0.618,0.265,0.382,0.898,0.515,0.0000,0.0000,0.0000,0.0000,ground_only,0.999,0.1575,1.5838,1.5838,0.0000,0.0000,0.0000,0.0000,4.1549,4.1549,0.0000,0,0,0,0,0.0858,0,ok,1978.4478,0,0,0,1998.4478,1.1797,0,0,ideal,legacy_task_distance_hover_proxy_v1,legacy_task_distance_hover_proxy_v1,GROUND,,,0.000000,0.000000,0.000000,0.000000,0.000000,0.000000,0.000000,0.000000,0.000000,0.000000,0.000000,0.000000,0.000000,0.000000,0.000000,0.000000,0.000000,0.000000,0.000000,0.000000,0.000000,0.000000,0.000000,0.000000,0.000000,0.000000,0.044386,0.008159,-0.125109,0.000000,0.125374,1.568e-05,0.06,10,1,ideal,legacy_task_distance_hover_proxy_v1,0.000000,1.583790,1998.447754,none,0.000000,0.000000
scene_a,-1,10.600,GROUND,NAVIGATE,3.9692,0.9732,0.0440,-0.0030,-0.0322,1.6136,5.0000,1.5000,0.1887,-0.4085,-1.2000,35.00,0.050,0.618,0.618,0.265,0.382,0.898,0.515,0.0000,0.0000,0.0000,0.0000,ground_only,0.999,0.1575,1.6153,1.6153,0.0000,0.0000,0.0000,0.0000,4.1807,4.1807,0.0000,0,0,0,0,0.0982,0,ok,1978.4163,0,0,0,1998.4163,1.1576,0,0,ideal,legacy_task_distance_hover_proxy_v1,legacy_task_distance_hover_proxy_v1,GROUND,,,0.000000,0.000000,0.000000,0.000000,0.000000,0.000000,0.000000,0.000000,0.000000,0.000000,0.000000,0.000000,0.000000,0.000000,0.000000,0.000000,0.000000,0.000000,0.000000,0.000000,0.000000,0.000000,0.000000,0.000000,0.000000,0.000000,0.043996,0.003337,-0.101093,0.000000,0.101148,1.568e-05,0.06,10,1,ideal,legacy_task_distance_hover_proxy_v1,0.000000,1.615290,1998.416260,none,0.000000,0.000000
scene_a,-1,10.800,GROUND,NAVIGATE,3.9946,0.9738,0.0442,-0.0044,-0.0342,1.6085,5.0000,1.5000,0.1925,-0.4068,-1.2000,35.00,0.050,0.618,0.618,0.265,0.382,0.898,0.515,0.0000,0.0000,0.0000,0.0000,ground_only,0.999,0.1575,1.6468,1.6468,0.0000,0.0000,0.0000,0.0000,4.2076,4.2076,0.0000,0,0,0,0,0.1099,0,ok,1978.3848,0,0,0,1998.3848,1.1348,0,0,ideal,legacy_task_distance_hover_proxy_v1,legacy_task_distance_hover_proxy_v1,GROUND,,,0.000000,0.000000,0.000000,0.000000,0.000000,0.000000,0.000000,0.000000,0.000000,0.000000,0.000000,0.000000,0.000000,0.000000,0.000000,0.000000,0.000000,0.000000,0.000000,0.000000,0.000000,0.000000,0.000000,0.000000,0.000000,0.000000,0.044197,0.001247,-0.160248,0.000000,0.160253,1.568e-05,0.06,10,1,ideal,legacy_task_distance_hover_proxy_v1,0.000000,1.646790,1998.384766,none,0.000000,0.000000
scene_a,-1,11.000,GROUND,NAVIGATE,4.0191,0.9744,0.0445,0.0101,-0.0419,1.6005,5.0000,1.5000,0.1986,-0.4038,-1.2000,35.00,0.050,0.618,0.618,0.265,0.382,0.898,0.515,0.0000,0.0000,0.0000,0.0000,ground_only,0.999,0.1575,1.6783,1.6783,0.0000,0.0000,0.0000,0.0000,4.2339,4.2339,0.0000,0,0,0,0,0.1214,0,ok,1978.3531,0,0,0,1998.3531,1.1128,0,0,ideal,legacy_task_distance_hover_proxy_v1,legacy_task_distance_hover_proxy_v1,GROUND,,,0.000000,0.000000,0.000000,0.000000,0.000000,0.000000,0.000000,0.000000,0.000000,0.000000,0.000000,0.000000,0.000000,0.000000,0.000000,0.000000,0.000000,0.000000,0.000000,0.000000,0.000000,0.000000,0.000000,0.000000,0.000000,0.000000,0.044496,-0.007723,-0.126215,0.000000,0.126451,1.568e-05,0.06,10,1,ideal,legacy_task_distance_hover_proxy_v1,0.000000,1.678290,1998.353149,none,0.000000,0.000000
scene_a,-1,11.200,GROUND,NAVIGATE,4.0380,0.9748,0.0447,0.0094,-0.0442,1.5983,5.0000,1.5000,0.2049,-0.4006,-1.2000,35.00,0.050,0.618,0.618,0.265,0.382,0.898,0.515,0.0000,0.0000,0.0000,0.0000,ground_only,0.999,0.1575,1.7098,1.7098,0.0000,0.0000,0.0000,0.0000,4.2545,4.2545,0.0000,0,0,0,0,0.1336,0,ok,1978.3217,0,0,0,1998.3217,1.0960,0,0,ideal,legacy_task_distance_hover_proxy_v1,legacy_task_distance_hover_proxy_v1,GROUND,,,0.000000,0.000000,0.000000,0.000000,0.000000,0.000000,0.000000,0.000000,0.000000,0.000000,0.000000,0.000000,0.000000,0.000000,0.000000,0.000000,0.000000,0.000000,0.000000,0.000000,0.000000,0.000000,0.000000,0.000000,0.000000,0.000000,0.044666,0.000313,-0.085490,0.000000,0.085491,1.568e-05,0.06,10,1,ideal,legacy_task_distance_hover_proxy_v1,0.000000,1.709790,1998.321655,none,0.000000,0.000000
scene_a,-1,11.400,GROUND,NAVIGATE,4.0561,0.9748,0.0440,-0.0007,-0.0445,1.6014,5.0000,1.5000,0.2057,-0.4003,-1.2000,35.00,0.050,0.618,0.618,0.265,0.382,0.898,0.515,0.0000,0.0000,0.0000,0.0000,ground_only,0.999,0.1575,1.7413,1.7413,0.0000,0.0000,0.0000,0.0000,4.2746,4.2746,0.0000,0,0,0,0,0.1455,0,ok,1978.2902,0,0,0,1998.2902,1.0802,0,0,ideal,legacy_task_distance_hover_proxy_v1,legacy_task_distance_hover_proxy_v1,GROUND,,,0.000000,0.000000,0.000000,0.000000,0.000000,0.000000,0.000000,0.000000,0.000000,0.000000,0.000000,0.000000,0.000000,0.000000,0.000000,0.000000,0.000000,0.000000,0.000000,0.000000,0.000000,0.000000,0.000000,0.000000,0.000000,0.000000,0.044011,-0.012215,-0.080387,0.000000,0.081309,1.568e-05,0.06,10,1,ideal,legacy_task_distance_hover_proxy_v1,0.000000,1.741290,1998.290161,none,0.000000,0.000000
scene_a,-1,11.600,GROUND,NAVIGATE,4.0718,0.9753,0.0445,0.0011,-0.0454,1.5924,5.0000,1.5000,0.2105,-0.3977,-1.2000,35.00,0.050,0.618,0.618,0.265,0.382,0.898,0.515,0.0000,0.0000,0.0000,0.0000,ground_only,0.999,0.1575,1.7728,1.7728,0.0000,0.0000,0.0000,0.0000,4.2921,4.2921,0.0000,0,0,0,0,0.1575,0,ok,1978.2587,0,0,0,1998.2587,1.0663,0,0,ideal,legacy_task_distance_hover_proxy_v1,legacy_task_distance_hover_proxy_v1,GROUND,,,0.000000,0.000000,0.000000,0.000000,0.000000,0.000000,0.000000,0.000000,0.000000,0.000000,0.000000,0.000000,0.000000,0.000000,0.000000,0.000000,0.000000,0.000000,0.000000,0.000000,0.000000,0.000000,0.000000,0.000000,0.000000,0.000000,0.044470,0.003055,-0.052217,0.000000,0.052306,1.568e-05,0.06,10,1,ideal,legacy_task_distance_hover_proxy_v1,0.000000,1.772790,1998.258667,none,0.000000,0.000000
scene_a,-1,11.800,GROUND,NAVIGATE,4.0878,0.9751,0.0443,-0.0039,-0.0481,1.6053,5.0000,1.5000,0.2107,-0.3976,-1.2000,35.00,0.050,0.618,0.618,0.265,0.382,0.898,0.515,0.0000,0.0000,0.0000,0.0000,ground_only,0.999,0.1575,1.8043,1.8043,0.0000,0.0000,0.0000,0.0000,4.3097,4.3097,0.0000,0,0,0,0,0.1689,0,ok,1978.2272,0,0,0,1998.2272,1.0525,0,0,ideal,legacy_task_distance_hover_proxy_v1,legacy_task_distance_hover_proxy_v1,GROUND,,,0.000000,0.000000,0.000000,0.000000,0.000000,0.000000,0.000000,0.000000,0.000000,0.000000,0.000000,0.000000,0.000000,0.000000,0.000000,0.000000,0.000000,0.000000,0.000000,0.000000,0.000000,0.000000,0.000000,0.000000,0.000000,0.000000,0.044327,0.012672,-0.113408,0.000000,0.114113,1.568e-05,0.06,10,1,ideal,legacy_task_distance_hover_proxy_v1,0.000000,1.804290,1998.227173,none,0.000000,0.000000
scene_a,-1,12.000,GROUND,NAVIGATE,4.1024,0.9752,0.0449,0.0063,-0.0470,1.5971,5.0000,1.5000,0.2154,-0.3951,-1.2000,35.00,0.050,0.618,0.618,0.265,0.382,0.898,0.515,0.0000,0.0000,0.0000,0.0000,ground_only,0.999,0.1575,1.8358,1.8358,0.0000,0.0000,0.0000,0.0000,4.3263,4.3263,0.0000,0,0,0,0,0.1803,0,ok,1978.1957,0,0,0,1998.1957,1.0398,0,1,ideal,legacy_task_distance_hover_proxy_v1,legacy_task_distance_hover_proxy_v1,GROUND,,,0.000000,0.000000,0.000000,0.000000,0.000000,0.000000,0.000000,0.000000,0.000000,0.000000,0.000000,0.000000,0.000000,0.000000,0.000000,0.000000,0.000000,0.000000,0.000000,0.000000,0.000000,0.000000,0.000000,0.000000,0.000000,0.000000,0.044867,-0.011451,-0.056011,0.000000,0.057170,1.568e-05,0.06,10,1,ideal,legacy_task_distance_hover_proxy_v1,0.000000,1.835790,1998.195679,none,0.000000,0.000000
scene_a,-1,12.200,GROUND,NAVIGATE,4.1172,0.9759,0.0445,0.0004,-0.0528,1.5956,5.0000,1.5000,0.2191,-0.3931,-1.2000,35.00,0.050,0.618,0.618,0.265,0.382,0.898,0.515,0.0000,0.0000,0.0000,0.0000,ground_only,0.999,0.1575,1.8673,1.8673,0.0000,0.0000,0.0000,0.0000,4.3429,4.3429,0.0000,0,0,0,0,0.1912,0,ok,1978.1642,0,0,0,1998.1642,1.0267,0,1,ideal,legacy_task_distance_hover_proxy_v1,legacy_task_distance_hover_proxy_v1,GROUND,,,0.000000,0.000000,0.000000,0.000000,0.000000,0.000000,0.000000,0.000000,0.000000,0.000000,0.000000,0.000000,0.000000,0.000000,0.000000,0.000000,0.000000,0.000000,0.000000,0.000000,0.000000,0.000000,0.000000,0.000000,0.000000,0.000000,0.044522,0.018568,-0.090465,0.000000,0.092351,1.568e-05,0.06,10,1,ideal,legacy_task_distance_hover_proxy_v1,0.000000,1.867290,1998.164185,none,0.000000,0.000000
scene_a,-1,12.400,GROUND,NAVIGATE,4.1294,0.9758,0.0453,0.0118,-0.0498,1.5900,5.0000,1.5000,0.2229,-0.3909,-1.2000,35.00,0.050,0.618,0.618,0.265,0.382,0.898,0.515,0.0000,0.0000,0.0000,0.0000,ground_only,0.999,0.1575,1.8988,1.8988,0.0000,0.0000,0.0000,0.0000,4.3566,4.3566,0.0000,0,0,0,0,0.2023,0,ok,1978.1327,0,0,0,1998.1327,1.0163,0,1,ideal,legacy_task_distance_hover_proxy_v1,legacy_task_distance_hover_proxy_v1,GROUND,,,0.000000,0.000000,0.000000,0.000000,0.000000,0.000000,0.000000,0.000000,0.000000,0.000000,0.000000,0.000000,0.000000,0.000000,0.000000,0.000000,0.000000,0.000000,0.000000,0.000000,0.000000,0.000000,0.000000,0.000000,0.000000,0.000000,0.045323,-0.015513,-0.030546,0.000000,0.034259,1.568e-05,0.06,10,1,ideal,legacy_task_distance_hover_proxy_v1,0.000000,1.898790,1998.132690,none,0.000000,0.000000
scene_a,-1,12.600,GROUND,NAVIGATE,4.1417,0.9767,0.0447,-0.0000,-0.0569,1.5861,5.0000,1.5000,0.2274,-0.3883,-1.2000,35.00,0.050,0.618,0.618,0.265,0.382,0.898,0.515,0.0000,0.0000,0.0000,0.0000,ground_only,0.999,0.1575,1.9303,1.9303,0.0000,0.0000,0.0000,0.0000,4.3707,4.3707,0.0000,0,0,0,0,0.2130,0,ok,1978.1012,0,0,0,1998.1012,1.0052,0,1,ideal,legacy_task_distance_hover_proxy_v1,legacy_task_distance_hover_proxy_v1,GROUND,,,0.000000,0.000000,0.000000,0.000000,0.000000,0.000000,0.000000,0.000000,0.000000,0.000000,0.000000,0.000000,0.000000,0.000000,0.000000,0.000000,0.000000,0.000000,0.000000,0.000000,0.000000,0.000000,0.000000,0.000000,0.000000,0.000000,0.044728,-0.002049,-0.022089,0.000000,0.022183,1.568e-05,0.06,10,1,ideal,legacy_task_distance_hover_proxy_v1,0.000000,1.930290,1998.101196,none,0.000000,0.000000
scene_a,-1,12.800,GROUND,NAVIGATE,4.1532,0.9768,0.0454,0.0113,-0.0560,1.5802,5.0000,1.5000,0.2273,-0.3884,-1.2000,35.00,0.050,0.618,0.618,0.265,0.382,0.898,0.515,0.0000,0.0000,0.0000,0.0000,ground_only,0.999,0.1575,1.9618,1.9618,0.0000,0.0000,0.0000,0.0000,4.3837,4.3837,0.0000,0,1,1,1,0.2235,0,ok,1978.0697,0,0,0,1998.0697,0.9954,0,1,ideal,legacy_task_distance_hover_proxy_v1,legacy_task_distance_hover_proxy_v1,GROUND,,,0.000000,0.000000,0.000000,0.000000,0.000000,0.000000,0.000000,0.000000,0.000000,0.000000,0.000000,0.000000,0.000000,0.000000,0.000000,0.000000,0.000000,0.000000,0.000000,0.000000,0.000000,0.000000,0.000000,0.000000,0.000000,0.000000,0.045424,-0.011977,-0.046362,0.000000,0.047884,1.568e-05,0.06,10,1,ideal,legacy_task_distance_hover_proxy_v1,0.000000,1.961790,1998.069702,none,0.000000,0.000000
scene_a,-1,13.000,GROUND,NAVIGATE,4.1637,0.9772,0.0452,0.0032,-0.0595,1.5792,5.0000,1.5000,0.2351,-0.3837,-1.2000,35.00,0.050,0.618,0.618,0.265,0.382,0.898,0.515,0.0000,0.0000,0.0000,0.0000,ground_only,0.999,0.1575,1.9933,1.9933,0.0000,0.0000,0.0000,0.0000,4.3960,4.3960,0.0000,0,1,1,1,0.2338,0,ok,1978.0382,0,0,0,1998.0382,0.9863,0,1,ideal,legacy_task_distance_hover_proxy_v1,legacy_task_distance_hover_proxy_v1,GROUND,,,0.000000,0.000000,0.000000,0.000000,0.000000,0.000000,0.000000,0.000000,0.000000,0.000000,0.000000,0.000000,0.000000,0.000000,0.000000,0.000000,0.000000,0.000000,0.000000,0.000000,0.000000,0.000000,0.000000,0.000000,0.000000,0.000000,0.045233,0.000530,-0.044513,0.000000,0.044516,1.568e-05,0.06,10,1,ideal,legacy_task_distance_hover_proxy_v1,0.000000,1.993290,1998.038208,none,0.000000,0.000000
scene_a,-1,13.200,GROUND,NAVIGATE,4.1773,0.9775,0.0463,0.0103,-0.0631,1.5777,5.0000,1.5000,0.2375,-0.3822,-1.2000,35.00,0.050,0.618,0.618,0.265,0.382,0.898,0.515,0.0000,0.0000,0.0000,0.0000,ground_only,0.999,0.1575,2.0248,2.0248,0.0000,0.0000,0.0000,0.0000,4.4121,4.4121,0.0000,0,1,1,1,0.2433,0,ok,1978.0067,0,0,0,1998.0067,0.9746,0,1,ideal,legacy_task_distance_hover_proxy_v1,legacy_task_distance_hover_proxy_v1,GROUND,,,0.000000,0.000000,0.000000,0.000000,0.000000,0.000000,0.000000,0.000000,0.000000,0.000000,0.000000,0.000000,0.000000,0.000000,0.000000,0.000000,0.000000,0.000000,0.000000,0.000000,0.000000,0.000000,0.000000,0.000000,0.000000,0.000000,0.046317,-0.001155,-0.069140,0.000000,0.069150,1.568e-05,0.06,10,1,ideal,legacy_task_distance_hover_proxy_v1,0.000000,2.024790,1998.006714,none,0.000000,0.000000
scene_a,-1,13.400,GROUND,NAVIGATE,4.2063,0.9802,0.0457,0.0029,-0.0878,1.5699,5.0000,1.5000,0.2469,-0.3762,-1.2000,35.00,0.050,0.618,0.618,0.265,0.382,0.898,0.515,0.0000,0.0000,0.0000,0.0000,ground_only,0.999,0.1575,2.0563,2.0563,0.0000,0.0000,0.0000,0.0000,4.4447,4.4447,0.0000,0,1,1,1,0.2498,0,ok,1977.9752,0,0,0,1997.9752,0.9487,0,1,ideal,legacy_task_distance_hover_proxy_v1,legacy_task_distance_hover_proxy_v1,GROUND,,,0.000000,0.000000,0.000000,0.000000,0.000000,0.000000,0.000000,0.000000,0.000000,0.000000,0.000000,0.000000,0.000000,0.000000,0.000000,0.000000,0.000000,0.000000,0.000000,0.000000,0.000000,0.000000,0.000000,0.000000,0.000000,0.000000,0.045678,0.014682,-0.120991,0.000000,0.121878,1.568e-05,0.06,10,1,ideal,legacy_task_distance_hover_proxy_v1,0.000000,2.056290,1997.975220,none,0.000000,0.000000
scene_a,-1,13.600,GROUND,NAVIGATE,4.2287,0.9798,0.0462,-0.0023,-0.0860,1.5848,5.0000,1.5000,0.2485,-0.3751,-1.2000,35.00,0.050,0.618,0.618,0.265,0.382,0.898,0.515,0.0000,0.0000,0.0000,0.0000,ground_only,0.999,0.1575,2.0878,2.0878,0.0000,0.0000,0.0000,0.0000,4.4694,4.4694,0.0000,0,1,1,1,0.2573,0,ok,1977.9437,0,0,0,1997.9437,0.9303,0,1,ideal,legacy_task_distance_hover_proxy_v1,legacy_task_distance_hover_proxy_v1,GROUND,,,0.000000,0.000000,0.000000,0.000000,0.000000,0.000000,0.000000,0.000000,0.000000,0.000000,0.000000,0.000000,0.000000,0.000000,0.000000,0.000000,0.000000,0.000000,0.000000,0.000000,0.000000,0.000000,0.000000,0.000000,0.000000,0.000000,0.046156,-0.001177,-0.131222,0.000000,0.131227,1.568e-05,0.06,10,1,ideal,legacy_task_distance_hover_proxy_v1,0.000000,2.087790,1997.943726,none,0.000000,0.000000
scene_a,-1,13.800,GROUND,NAVIGATE,4.2477,0.9814,0.0483,0.0184,-0.1008,1.5778,5.0000,1.5000,0.2519,-0.3729,-1.2000,35.00,0.050,0.618,0.618,0.265,0.382,0.898,0.515,0.0000,0.0000,0.0000,0.0000,ground_only,0.999,0.1575,2.1193,2.1193,0.0000,0.0000,0.0000,0.0000,4.4916,4.4916,0.0000,0,1,1,1,0.2651,0,ok,1977.9122,0,0,0,1997.9122,0.9137,0,1,ideal,legacy_task_distance_hover_proxy_v1,legacy_task_distance_hover_proxy_v1,GROUND,,,0.000000,0.000000,0.000000,0.000000,0.000000,0.000000,0.000000,0.000000,0.000000,0.000000,0.000000,0.000000,0.000000,0.000000,0.000000,0.000000,0.000000,0.000000,0.000000,0.000000,0.000000,0.000000,0.000000,0.000000,0.000000,0.000000,0.048297,0.054715,-0.131106,0.000000,0.142065,1.568e-05,0.06,10,1,ideal,legacy_task_distance_hover_proxy_v1,0.000000,2.119290,1997.912231,none,0.000000,0.000000
scene_a,-1,14.000,GROUND,NAVIGATE,4.2711,0.9801,0.0468,0.0007,-0.0891,1.5899,5.0000,1.5000,0.2561,-0.3700,-1.2000,35.00,0.050,0.618,0.618,0.265,0.382,0.898,0.515,0.0000,0.0000,0.0000,0.0000,ground_only,0.999,0.1575,2.1508,2.1508,0.0000,0.0000,0.0000,0.0000,4.5173,4.5173,0.0000,0,1,1,1,0.2720,0,ok,1977.8807,0,0,0,1997.8807,0.8953,0,1,ideal,legacy_task_distance_hover_proxy_v1,legacy_task_distance_hover_proxy_v1,GROUND,,,0.000000,0.000000,0.000000,0.000000,0.000000,0.000000,0.000000,0.000000,0.000000,0.000000,0.000000,0.000000,0.000000,0.000000,0.000000,0.000000,0.000000,0.000000,0.000000,0.000000,0.000000,0.000000,0.000000,0.000000,0.000000,0.000000,0.046842,0.004647,-0.084186,0.000000,0.084315,1.568e-05,0.06,10,1,ideal,legacy_task_distance_hover_proxy_v1,0.000000,2.150790,1997.880737,none,0.000000,0.000000
scene_a,-1,14.200,GROUND,NAVIGATE,4.2901,0.9805,0.0468,0.0020,-0.0984,1.5926,5.0000,1.5000,0.2565,-0.3697,-1.2000,0.00,0.050,0.967,0.967,0.065,0.032,0.958,0.065,0.0000,0.0000,0.0000,0.0000,ground_only,0.999,0.1575,2.1823,2.1823,0.0000,0.0000,0.0000,0.0000,4.5389,4.5389,0.0000,0,1,1,1,0.2794,0,ok,1977.8492,0,0,0,1997.8492,0.8797,0,1,ideal,legacy_task_distance_hover_proxy_v1,legacy_task_distance_hover_proxy_v1,GROUND,,,0.000000,0.000000,0.000000,0.000000,0.000000,0.000000,0.000000,0.000000,0.000000,0.000000,0.000000,0.000000,0.000000,0.000000,0.000000,0.000000,0.000000,0.000000,0.000000,0.000000,0.000000,0.000000,0.000000,0.000000,0.000000,0.000000,0.046832,0.027341,-0.118276,0.000000,0.121395,1.568e-05,0.06,10,1,ideal,legacy_task_distance_hover_proxy_v1,0.000000,2.182290,1997.849243,none,0.000000,0.000000
scene_a,-1,14.400,GROUND,NAVIGATE,4.3070,0.9803,0.0466,0.0040,-0.0942,1.5884,5.0000,1.5000,0.2618,-0.3660,-1.2000,0.00,0.050,0.967,0.967,0.065,0.032,0.958,0.065,0.0000,0.0000,0.0000,0.0000,ground_only,0.999,0.1575,2.2138,2.2138,0.0000,0.0000,0.0000,0.0000,4.5575,4.5575,0.0000,0,1,1,1,0.2870,0,ok,1977.8177,0,0,0,1997.8177,0.8662,0,1,ideal,legacy_task_distance_hover_proxy_v1,legacy_task_distance_hover_proxy_v1,GROUND,,,0.000000,0.000000,0.000000,0.000000,0.000000,0.000000,0.000000,0.000000,0.000000,0.000000,0.000000,0.000000,0.000000,0.000000,0.000000,0.000000,0.000000,0.000000,0.000000,0.000000,0.000000,0.000000,0.000000,0.000000,0.000000,0.000000,0.046611,0.012676,-0.037349,0.000000,0.039441,1.568e-05,0.06,10,1,ideal,legacy_task_distance_hover_proxy_v1,0.000000,2.213790,1997.817749,none,0.000000,0.000000
scene_a,-1,14.600,GROUND,NAVIGATE,4.3264,0.9793,0.0457,-0.0112,-0.0839,1.6008,5.0000,1.5000,0.2683,-0.3612,-1.2000,0.00,0.050,0.967,0.967,0.065,0.032,0.958,0.065,0.0000,0.0000,0.0000,0.0000,ground_only,0.999,0.1575,2.2453,2.2453,0.0000,0.0000,0.0000,0.0000,4.5787,4.5787,0.0000,0,1,1,1,0.2939,0,ok,1977.7863,0,0,0,1997.7863,0.8513,0,1,ideal,legacy_task_distance_hover_proxy_v1,legacy_task_distance_hover_proxy_v1,GROUND,,,0.000000,0.000000,0.000000,0.000000,0.000000,0.000000,0.000000,0.000000,0.000000,0.000000,0.000000,0.000000,0.000000,0.000000,0.000000,0.000000,0.000000,0.000000,0.000000,0.000000,0.000000,0.000000,0.000000,0.000000,0.000000,0.000000,0.045675,-0.018051,-0.097023,0.000000,0.098688,1.568e-05,0.06,10,1,ideal,legacy_task_distance_hover_proxy_v1,0.000000,2.245290,1997.786255,none,0.000000,0.000000
scene_a,-1,14.800,GROUND,NAVIGATE,4.3413,0.9803,0.0458,-0.0027,-0.0935,1.5871,5.0000,1.5000,0.2718,-0.3587,-1.2000,0.00,0.050,0.967,0.967,0.065,0.032,0.958,0.065,0.0000,0.0000,0.0000,0.0000,ground_only,0.999,0.1575,2.2768,2.2768,0.0000,0.0000,0.0000,0.0000,4.5969,4.5969,0.0000,0,1,1,1,0.3013,0,ok,1977.7548,0,0,0,1997.7548,0.8390,0,1,ideal,legacy_task_distance_hover_proxy_v1,legacy_task_distance_hover_proxy_v1,GROUND,,,0.000000,0.000000,0.000000,0.000000,0.000000,0.000000,0.000000,0.000000,0.000000,0.000000,0.000000,0.000000,0.000000,0.000000,0.000000,0.000000,0.000000,0.000000,0.000000,0.000000,0.000000,0.000000,0.000000,0.000000,0.000000,0.000000,0.045807,0.003156,-0.155953,0.000000,0.155985,1.568e-05,0.06,10,1,ideal,legacy_task_distance_hover_proxy_v1,0.000000,2.276790,1997.754761,none,0.000000,0.000000
scene_a,-1,15.000,GROUND,NAVIGATE,4.3537,0.9795,0.0466,-0.0077,-0.0866,1.6033,5.0000,1.5000,0.2724,-0.3582,-1.2000,0.00,0.050,0.967,0.967,0.065,0.032,0.958,0.065,0.0000,0.0000,0.0000,0.0000,ground_only,0.999,0.1575,2.3083,2.3083,0.0000,0.0000,0.0000,0.0000,4.6112,4.6112,0.0000,0,1,1,1,0.3089,0,ok,1977.7233,0,0,0,1997.7233,0.8299,0,1,ideal,legacy_task_distance_hover_proxy_v1,legacy_task_distance_hover_proxy_v1,GROUND,,,0.000000,0.000000,0.000000,0.000000,0.000000,0.000000,0.000000,0.000000,0.000000,0.000000,0.000000,0.000000,0.000000,0.000000,0.000000,0.000000,0.000000,0.000000,0.000000,0.000000,0.000000,0.000000,0.000000,0.000000,0.000000,0.000000,0.046605,0.000422,-0.044623,0.000000,0.044625,1.568e-05,0.06,10,1,ideal,legacy_task_distance_hover_proxy_v1,0.000000,2.308290,1997.723267,none,0.000000,0.000000
scene_a,-1,15.200,GROUND,NAVIGATE,4.3662,0.9800,0.0469,0.0004,-0.0893,1.5900,5.0000,1.5000,0.2758,-0.3556,-1.2000,0.00,0.050,0.967,0.967,0.065,0.032,0.958,0.065,0.0000,0.0000,0.0000,0.0000,ground_only,0.999,0.1575,2.3398,2.3398,0.0000,0.0000,0.0000,0.0000,4.6266,4.6266,0.0000,0,1,1,1,0.3162,0,ok,1977.6917,0,0,0,1997.6917,0.8198,0,1,ideal,legacy_task_distance_hover_proxy_v1,legacy_task_distance_hover_proxy_v1,GROUND,,,0.000000,0.000000,0.000000,0.000000,0.000000,0.000000,0.000000,0.000000,0.000000,0.000000,0.000000,0.000000,0.000000,0.000000,0.000000,0.000000,0.000000,0.000000,0.000000,0.000000,0.000000,0.000000,0.000000,0.000000,0.000000,0.000000,0.046874,0.008167,-0.066888,0.000000,0.067385,1.568e-05,0.06,10,1,ideal,legacy_task_distance_hover_proxy_v1,0.000000,2.339790,1997.691650,none,0.000000,0.000000
scene_a,-1,15.400,GROUND,NAVIGATE,4.3810,0.9797,0.0466,-0.0060,-0.0870,1.5984,5.0000,1.5000,0.2799,-0.3523,-1.2000,0.00,0.050,0.967,0.967,0.065,0.032,0.958,0.065,0.0000,0.0000,0.0000,0.0000,ground_only,0.999,0.1575,2.3713,2.3713,0.0000,0.0000,0.0000,0.0000,4.6434,4.6434,0.0000,0,1,1,1,0.3231,0,ok,1977.6602,0,0,0,1997.6602,0.8087,0,1,ideal,legacy_task_distance_hover_proxy_v1,legacy_task_distance_hover_proxy_v1,GROUND,,,0.000000,0.000000,0.000000,0.000000,0.000000,0.000000,0.000000,0.000000,0.000000,0.000000,0.000000,0.000000,0.000000,0.000000,0.000000,0.000000,0.000000,0.000000,0.000000,0.000000,0.000000,0.000000,0.000000,0.000000,0.000000,0.000000,0.046610,-0.003919,-0.024703,0.000000,0.025012,1.568e-05,0.06,10,1,ideal,legacy_task_distance_hover_proxy_v1,0.000000,2.371290,1997.660156,none,0.000000,0.000000
scene_a,-1,15.600,GROUND,NAVIGATE,4.3936,0.9805,0.0469,0.0076,-0.0947,1.5850,5.0000,1.5000,0.2871,-0.3465,-1.2000,0.00,0.050,0.967,0.967,0.065,0.032,0.958,0.065,0.0000,0.0000,0.0000,0.0000,ground_only,0.999,0.1575,2.4028,2.4028,0.0000,0.0000,0.0000,0.0000,4.6589,4.6589,0.0000,0,1,1,1,0.3301,0,ok,1977.6287,0,0,0,1997.6287,0.7985,0,1,ideal,legacy_task_distance_hover_proxy_v1,legacy_task_distance_hover_proxy_v1,GROUND,,,0.000000,0.000000,0.000000,0.000000,0.000000,0.000000,0.000000,0.000000,0.000000,0.000000,0.000000,0.000000,0.000000,0.000000,0.000000,0.000000,0.000000,0.000000,0.000000,0.000000,0.000000,0.000000,0.000000,0.000000,0.000000,0.000000,0.046854,0.001386,-0.051567,0.000000,0.051586,1.568e-05,0.06,10,1,ideal,legacy_task_distance_hover_proxy_v1,0.000000,2.402790,1997.628662,none,0.000000,0.000000
scene_a,-1,15.600,GROUND,NAVIGATE,4.3936,0.9805,0.0469,0.0076,-0.0947,1.5850,5.0000,1.5000,0.2871,-0.3465,-1.2000,0.00,0.050,0.967,0.967,0.065,0.032,0.958,0.065,0.0000,0.0000,0.0000,0.0000,ground_only,0.999,0.1575,2.4028,2.4028,0.0000,0.0000,0.0000,0.0000,4.6589,4.6589,0.0000,0,1,1,1,0.3301,0,ok,1977.6287,0,0,0,1997.6287,0.7985,0,1,ideal,legacy_task_distance_hover_proxy_v1,legacy_task_distance_hover_proxy_v1,GROUND,,,0.000000,0.000000,0.000000,0.000000,0.000000,0.000000,0.000000,0.000000,0.000000,0.000000,0.000000,0.000000,0.000000,0.000000,0.000000,0.000000,0.000000,0.000000,0.000000,0.000000,0.000000,0.000000,0.000000,0.000000,0.000000,0.000000,0.046854,0.001386,-0.051567,0.000000,0.051586,1.568e-05,0.06,10,1,ideal,legacy_task_distance_hover_proxy_v1,0.000000,2.402790,1997.628662,none,0.000000,0.000000
